,cluster,sum
0,89215380063ffff,812422.0
1,8921538006fffff,3161843.0
2,89215380093ffff,174000.0
3,89215380097ffff,3755685.0
4,892153800a3ffff,2830056.0
5,892153800b3ffff,15500.0
6,89215380103ffff,3851565.06
7,89215380113ffff,5398194.0
8,8921538011bffff,3217451.0
9,89215380127ffff,953560.0
10,89215380133ffff,14580.0
11,89215380147ffff,105350.0
12,89215380187ffff,8942585.0
13,89215380197ffff,646055.0
14,892153801afffff,66600.0
15,892153801b3ffff,3380274.0
16,892153801bbffff,12974080.0
17,892153801cfffff,51000.0
18,89215380397ffff,1014128.0
19,8921538039bffff,29965.0
20,89215380403ffff,48432443.5
21,8921538040bffff,5034617.0
22,89215380413ffff,97581667.0
23,89215380417ffff,11972179.0
24,8921538041bffff,106089125.26
25,89215380427ffff,1369050.0
26,89215380437ffff,4394781.0
27,89215380443ffff,5153722.15
28,89215380447ffff,3247416.0
29,8921538044bffff,6832828.0
30,8921538044fffff,1947675.0
31,89215380453ffff,21812924.0
32,89215380457ffff,37563933.0
33,8921538045bffff,252470838.77999997
34,8921538046fffff,82357.0
35,89215380473ffff,50532360.0
36,8921538047bffff,2639335.3900000006
37,89215380483ffff,862962236.9000001
38,89215380487ffff,19744578.32
39,8921538048bffff,73238119.0
40,89215380497ffff,139413234.25
41,8921538049bffff,2197342.0
42,892153804abffff,3926964.0
43,892153804b3ffff,4574214.0
44,892153804c3ffff,19340202.009999998
45,892153804c7ffff,69358671.97
46,892153804cbffff,2435839.0
47,892153804cfffff,43104408.33
48,892153804d3ffff,40464509.0
49,892153804d7ffff,8131992.0
50,892153804dbffff,6097069.0
51,89215380507ffff,14038020.0
52,8921538050fffff,6169643.33
53,89215380513ffff,43405618.6
54,89215380523ffff,109450.0
55,89215380527ffff,5372129.479999999
56,8921538052bffff,2424202.0
57,8921538052fffff,2623536.0
58,89215380533ffff,467000.0
59,89215380537ffff,1554945.0
60,8921538053bffff,1785360.0
61,89215380547ffff,9900016.850000003
62,89215380553ffff,13397181.0
63,89215380557ffff,117300.0
64,89215380563ffff,4262261.23
65,89215380573ffff,4031274.0
66,89215380577ffff,785999.0
67,8921538057bffff,11477796.869999997
68,89215380587ffff,3701177.0
69,8921538058bffff,17285262.0
70,8921538058fffff,2576045.0
71,89215380593ffff,111214792.00000003
72,89215380597ffff,27551091.0
73,8921538059bffff,17817157.0
74,892153805a3ffff,65414.0
75,892153805a7ffff,4377450.0
76,892153805abffff,2144888.0
77,892153805b3ffff,697682.0
78,892153805b7ffff,3691134.0
79,892153805c7ffff,43910072.24000056
80,892153805cbffff,20183625.16
81,892153805d7ffff,61010969.0
82,89215380613ffff,2028422.7999999998
83,89215380617ffff,6307444.0
84,89215380623ffff,7834093.620000002
85,8921538062bffff,3954165.45
86,8921538062fffff,99250.0
87,89215380633ffff,211404100.0
88,89215380637ffff,2449773.3200000003
89,8921538063bffff,58028.0
90,89215380643ffff,920000.0
91,89215380653ffff,412294.78
92,89215380657ffff,546515.0
93,89215380673ffff,156934650.0
94,89215380677ffff,1717734.0
95,89215380683ffff,33093282.0
96,89215380687ffff,7559223.41
97,8921538068bffff,116591775.0
98,8921538068fffff,4727685.0
99,89215380693ffff,8013057.0
100,89215380697ffff,19154935.970000003
101,8921538069bffff,26111492.040000003
102,892153806a3ffff,2172595.62
103,892153806abffff,8673764.0
104,892153806afffff,4368518.0
105,892153806b3ffff,161302.0
106,892153806b7ffff,495592.0
107,892153806bbffff,1440397.75
108,892153806c3ffff,1202136.0
109,892153806c7ffff,42396943.0
110,892153806cfffff,1257624.0
111,892153806d7ffff,351125.0
112,892153806dbffff,1856209.0
113,892153808a3ffff,694500.0
114,892153808b7ffff,93160.0
115,892153808cfffff,1238280.0
116,89215380913ffff,2279612.86
117,89215380983ffff,936315.0
118,8921538098fffff,536660.0
119,89215380993ffff,126744.0
120,8921538099bffff,231731.0
121,892153809d3ffff,24100.0
122,892153809d7ffff,523262.0
123,89215380c1bffff,1780505.0
124,89215380c47ffff,708732.0
125,89215380c4bffff,44092400.0
126,89215380c4fffff,233260.0
127,89215380c83ffff,465830.0
128,89215380c87ffff,0.0
129,89215380c93ffff,292317.0
130,89215380c9bffff,101369.0
131,89215380ca3ffff,186950.0
132,89215380cb3ffff,4000415.0
133,89215380cc3ffff,31071983.0
134,89215380cc7ffff,332967.0
135,89215380ccbffff,245025.0
136,89215380cd3ffff,2663652.0
137,89215380d03ffff,41496361.0
138,89215380d17ffff,2756676.0
139,89215380d67ffff,156350.0
140,89215380d97ffff,5020.0
141,89215380da7ffff,1899857.0
142,89215380dabffff,12664113.0
143,89215380db3ffff,2157866.0
144,89215380db7ffff,10586468.0
145,89215381003ffff,3894966.0
146,8921538100bffff,112864.0
147,8921538100fffff,1023390.0
148,89215381017ffff,103245.0
149,8921538101bffff,12650.0
150,8921538108bffff,1431497.0
151,892153810c7ffff,1159703.0
152,89215381393ffff,34021.0
153,89215381427ffff,904819.0
154,89215381497ffff,3202789.39
155,89215381553ffff,5168032.000000001
156,8921538155bffff,824063.0
157,89215381583ffff,1616122.2599999988
158,89215381587ffff,1740918.0
159,892153815cbffff,1352011.2
160,89215382003ffff,26370586.0
161,89215382007ffff,14916065.0
162,8921538200bffff,343349.0
163,8921538200fffff,40930831.0
164,89215382013ffff,15690.0
165,89215382023ffff,56885717.090000026
166,89215382027ffff,4115549.0
167,8921538202bffff,4112394.9
168,8921538202fffff,12810336.399999999
169,89215382033ffff,627515.0
170,8921538203bffff,2816500.0
171,89215382043ffff,1663370.0
172,89215382047ffff,68580765.0
173,8921538204bffff,7139495.0
174,8921538204fffff,5709533.0
175,89215382053ffff,1356572.0
176,89215382057ffff,369860.0
177,8921538205bffff,2380579.0
178,89215382063ffff,25330083.0
179,89215382067ffff,65607972.0
180,8921538206bffff,83310813.66
181,8921538206fffff,1241777797.6
182,89215382073ffff,169162972.26
183,89215382077ffff,29212355.0
184,8921538207bffff,29749315.34
185,89215382087ffff,30964441.0
186,89215382097ffff,111446282.0
187,892153820a3ffff,51205052.35000002
188,892153820a7ffff,33575429.53
189,892153820abffff,4473098.0
190,892153820b3ffff,31423685.07
191,892153820b7ffff,22971261.0
192,892153820bbffff,78207948.8
193,892153820c3ffff,5981193.0
194,892153820cbffff,446500.0
195,892153820cfffff,0.0
196,892153820dbffff,0.0
197,89215382103ffff,74038529.06
198,89215382107ffff,186716610.7
199,8921538210bffff,99529699.21999995
200,8921538210fffff,45176278.0
201,89215382113ffff,249066889.86
202,89215382117ffff,22336430.2
203,8921538211bffff,73278210.6
204,89215382123ffff,98085.0
205,89215382127ffff,1141171.0
206,8921538212bffff,34774904.010000005
207,8921538212fffff,302406667.0
208,89215382133ffff,2359437.0
209,89215382137ffff,18521918.0
210,8921538213bffff,30666083.0
211,89215382143ffff,13188550.0
212,89215382147ffff,6572027.0
213,8921538214fffff,10151639.08
214,89215382153ffff,44885984.5
215,89215382157ffff,11484612.0
216,8921538215bffff,1037505.0
217,89215382163ffff,3188513.5
218,89215382167ffff,17468382.380000003
219,8921538216bffff,132326164.33998872
220,8921538216fffff,150800.0
221,89215382173ffff,7570473.0
222,89215382177ffff,33787566.379999995
223,8921538217bffff,16626880.62
224,89215382183ffff,59417064.33999997
225,89215382187ffff,22721476.1
226,8921538218bffff,23926901.160000004
227,8921538218fffff,134108581.46000001
228,89215382193ffff,30859323.0
229,89215382197ffff,39555772.39
230,8921538219bffff,125345428.0
231,892153821a3ffff,175399892.0
232,892153821a7ffff,483407872.9
233,892153821abffff,40382305.46
234,892153821afffff,11335598.0
235,892153821b3ffff,4389197.0
236,892153821b7ffff,102938.0
237,892153821bbffff,194279902.0
238,892153821c3ffff,1328862815.98
239,892153821c7ffff,31630456.490000073
240,892153821cbffff,69994501.0
241,892153821cfffff,22405438.0
242,892153821d3ffff,22782599.99
243,892153821d7ffff,3290230813.0
244,89215382203ffff,43115878.0
245,89215382207ffff,338660080.7
246,8921538220fffff,219980601.67
247,89215382213ffff,3738425.0
248,89215382223ffff,59625509.54
249,89215382227ffff,206982732.48000002
250,8921538222bffff,4144258.8
251,8921538222fffff,1548574975.87
252,89215382233ffff,76527679.99999967
253,89215382237ffff,12074856.0
254,89215382243ffff,161486727.0
255,8921538224bffff,372271797.6200045
256,8921538224fffff,481730.0
257,89215382253ffff,1751529.0
258,89215382257ffff,2248749.0
259,8921538225bffff,2118562.0
260,89215382263ffff,7906771.0
261,89215382267ffff,315574831.0
262,8921538226bffff,555976884.9
263,8921538226fffff,23386828.3
264,89215382273ffff,9665640.0
265,8921538227bffff,954869145.0
266,89215382287ffff,1385526.0
267,8921538228bffff,11859618.32
268,8921538228fffff,381622715.1
269,89215382297ffff,1003410.58
270,8921538229bffff,167075.0
271,892153822a3ffff,695528.0
272,892153822a7ffff,18977370.0
273,892153822abffff,1116691.0
274,892153822afffff,14951109.849999994
275,892153822b7ffff,72727858.35
276,892153822c3ffff,30000.0
277,892153822c7ffff,2472649087.0
278,892153822cbffff,472077.0
279,892153822cfffff,1490540.0
280,892153822d7ffff,27741110.0
281,89215382307ffff,56769556.79999999
282,89215382313ffff,33000000.0
283,8921538231bffff,14372455.7
284,89215382323ffff,890500.0
285,8921538232fffff,68550.0
286,89215382333ffff,1792689.0
287,89215382337ffff,5913955.0
288,89215382343ffff,21570997.5
289,89215382347ffff,3355465.0
290,8921538234bffff,2079883616.0
291,8921538234fffff,34942201.480000004
292,89215382353ffff,249440.0
293,89215382357ffff,13168831.0
294,8921538235bffff,1201875779.27
295,89215382383ffff,336000.0
296,8921538238bffff,1640224.0
297,8921538238fffff,2709806.0
298,89215382393ffff,19459480.0
299,89215382397ffff,1225998.0
300,8921538239bffff,14307947.0
301,892153823a3ffff,33163480.0
302,892153823a7ffff,55425.0
303,892153823abffff,10498339.600000001
304,892153823afffff,78000.0
305,892153823b7ffff,2903501.0
306,892153823c3ffff,12667721.0
307,892153823c7ffff,1551659.0
308,892153823cbffff,27799908.0
309,892153823cfffff,963532727.85
310,892153823d3ffff,6922523.0
311,892153823d7ffff,4526114.2
312,892153823dbffff,33685673.0
313,89215382407ffff,52000.0
314,89215382427ffff,88647413.0
315,89215382433ffff,5464853.0
316,89215382437ffff,5877160.0
317,8921538243bffff,668791.0
318,8921538244bffff,1268910.0
319,89215382453ffff,332926.0
320,89215382457ffff,65521558.0
321,8921538245bffff,819681.0
322,89215382487ffff,23877274.0
323,89215382497ffff,1493699.0
324,8921538249bffff,570156.0
325,892153824a3ffff,12225555.4
326,892153824afffff,61974324.0
327,892153824b7ffff,1293060.0
328,892153824bbffff,26534813.0
329,892153824cfffff,31460.0
330,89215382503ffff,20908507.0
331,89215382507ffff,18392262.0
332,8921538250bffff,14813079.11999999
333,8921538250fffff,37110652.5
334,89215382513ffff,4679887.0
335,89215382517ffff,40195598.0
336,8921538251bffff,75437414.17000002
337,89215382523ffff,49275256.26
338,89215382527ffff,11946282.0
339,8921538252bffff,19390145.240000002
340,8921538252fffff,429865673.03
341,89215382533ffff,56030763.4
342,89215382537ffff,291348054.60999984
343,8921538253bffff,51210287.57000013
344,89215382543ffff,13695888.0
345,89215382547ffff,41413598.0
346,8921538254bffff,742550.0
347,8921538254fffff,27265818.8
348,89215382553ffff,68238876.6
349,89215382557ffff,63939183.0
350,8921538255bffff,1370794.0
351,89215382563ffff,1949196.0
352,89215382567ffff,47327775.99
353,8921538256bffff,38355004.0
354,8921538256fffff,30360461.260000005
355,89215382573ffff,122059316.64
356,89215382577ffff,40328407.02
357,8921538257bffff,4750294.0
358,89215382583ffff,2137598.0
359,89215382587ffff,9630656.870000001
360,8921538258bffff,21830105.0
361,8921538258fffff,75111217.08
362,89215382593ffff,2462625.0
363,89215382597ffff,4284240.0
364,8921538259bffff,2709995.0
365,892153825a3ffff,36824062.0
366,892153825a7ffff,34218142.0
367,892153825abffff,1962076.0
368,892153825afffff,23136325.0
369,892153825b3ffff,9079751.71
370,892153825b7ffff,20869606.3
371,892153825bbffff,40577166.0
372,892153825c3ffff,0.0
373,892153825c7ffff,357863861.40000033
374,892153825cbffff,23418892.59999999
375,892153825cfffff,10327483.15
376,892153825d3ffff,23299595.759999998
377,892153825d7ffff,288754.0
378,892153825dbffff,5858608.0
379,89215382607ffff,305639.0
380,8921538260bffff,762900.0
381,89215382613ffff,5359397.0
382,89215382617ffff,2075037.0
383,8921538261bffff,95447158.0
384,89215382623ffff,12881636.170000002
385,89215382627ffff,494800.0
386,8921538262bffff,1266272.0
387,89215382633ffff,1967636.74
388,8921538263bffff,18314681.259999998
389,89215382643ffff,9058607.0
390,89215382647ffff,256760.0
391,8921538264bffff,42416688.0
392,8921538264fffff,5701200.0
393,89215382653ffff,5199370.0
394,89215382657ffff,482644.0
395,8921538265bffff,23214313.000000022
396,89215382663ffff,16364251.59
397,8921538266bffff,10521163.0
398,8921538266fffff,3047578.0
399,89215382677ffff,2529469.0
400,8921538267bffff,8078896.0
401,89215382683ffff,723166.0
402,8921538268bffff,2202337.01
403,89215382697ffff,919399.0
404,8921538269bffff,4822730.0
405,892153826a3ffff,1412403.0
406,892153826a7ffff,2381592.0
407,892153826abffff,2177039.9400000013
408,892153826afffff,5927976.5
409,892153826cfffff,2583997.0
410,89215382803ffff,592540.0
411,8921538280bffff,84380830.5
412,8921538280fffff,1427564.0
413,8921538281bffff,8605543.4
414,89215382827ffff,0.0
415,89215382843ffff,4948381.0
416,89215382847ffff,133773697.0
417,8921538284bffff,6073974.0
418,8921538284fffff,4502121.0
419,89215382853ffff,3104436.0
420,89215382857ffff,148229030.17000002
421,8921538285bffff,4343650.0
422,89215382863ffff,1575745.0
423,89215382867ffff,25652550.0
424,8921538286bffff,1072600.0
425,89215382873ffff,10890590.97
426,8921538287bffff,52100.0
427,89215382887ffff,17004812.0
428,8921538288bffff,7300.0
429,892153828a3ffff,583063180.0
430,892153828c3ffff,18310928.0
431,892153828c7ffff,7013946.0
432,892153828cbffff,5308801.0
433,892153828cfffff,1769595.0
434,892153828d3ffff,0.0
435,892153828d7ffff,398223.0
436,892153828dbffff,81391255.0
437,8921538291bffff,1077706.0
438,8921538294fffff,170300.0
439,8921538298bffff,1325795.0
440,892153829c3ffff,50989.0
441,892153829cbffff,996110.0
442,892153829cfffff,66700.0
443,89215382a03ffff,112680.0
444,89215382a07ffff,28122975.0
445,89215382a0bffff,7200.0
446,89215382a0fffff,189800.0
447,89215382a13ffff,178000.0
448,89215382a17ffff,2250338.0
449,89215382a1bffff,15940770.0
450,89215382a23ffff,152141.0
451,89215382a2bffff,206950.0
452,89215382a2fffff,2504263.0
453,89215382a33ffff,1194945.0
454,89215382a37ffff,837257.22
455,89215382a3bffff,106100.0
456,89215382a43ffff,0.0
457,89215382a47ffff,2817785.83
458,89215382a4bffff,522403.0
459,89215382a4fffff,2602629.0
460,89215382a53ffff,1610586.0
461,89215382a57ffff,81297704.2
462,89215382a5bffff,456479.0
463,89215382a67ffff,112605.0
464,89215382a6bffff,211075.0
465,89215382a6fffff,1867325.0
466,89215382a73ffff,1120650.0
467,89215382a7bffff,56286975.04
468,89215382a83ffff,1848011.98
469,89215382a87ffff,700865.0
470,89215382a8bffff,417568.0
471,89215382a93ffff,671336.0
472,89215382a9bffff,2370780.0
473,89215382aa3ffff,1746915828.0
474,89215382aa7ffff,2143000.0
475,89215382aabffff,6397000.0
476,89215382aafffff,77000.0
477,89215382ab7ffff,702175.0
478,89215382ac3ffff,1956932.0
479,89215382ac7ffff,62818685.42
480,89215382acbffff,309080.0
481,89215382acfffff,952254.0
482,89215382ad3ffff,182000.0
483,89215382ad7ffff,1226780.0
484,89215382adbffff,4363958.0
485,89215382b13ffff,85026394.0
486,89215382b1bffff,2369080.0
487,89215382b27ffff,244196.0
488,89215382b2fffff,109980.0
489,89215382b43ffff,213662911.0
490,89215382b4fffff,55499429.879999995
491,89215382b53ffff,1449562.0
492,89215382b57ffff,725539.0
493,89215382b5bffff,2687050.0
494,89215382b6fffff,1050800.0
495,89215382b8bffff,606665.0
496,89215382bc3ffff,348550138.8
497,89215382bcbffff,60270.0
498,89215382bcfffff,1121700.0
499,89215382bd3ffff,18350397.0
500,89215382bd7ffff,38798065.0
501,89215382bdbffff,520965.0
502,89215382c07ffff,503900.0
503,89215382c0bffff,13374225.0
504,89215382c0fffff,4558469.0
505,89215382c17ffff,122441659.0
506,89215382c1bffff,43724903.0
507,89215382c2bffff,1251718.0
508,89215382c37ffff,0.0
509,89215382c3bffff,4875836.0
510,89215382c43ffff,125677265.30999994
511,89215382c47ffff,228315578.0
512,89215382c4bffff,18107371.84
513,89215382c4fffff,59887.0
514,89215382c53ffff,11048105.0
515,89215382c57ffff,72216547.03999999
516,89215382c5bffff,906618.0
517,89215382c67ffff,1792150.0
518,89215382c6bffff,277455.0
519,89215382c6fffff,1304000.0
520,89215382c7bffff,184686399.0
521,89215382c83ffff,7494394.0
522,89215382c87ffff,14380010.01
523,89215382c8bffff,8979844.8
524,89215382c8fffff,11601608.0
525,89215382c93ffff,378008156.530241
526,89215382c97ffff,0.0
527,89215382c9bffff,2118440.0
528,89215382ca3ffff,231676388.4300057
529,89215382cabffff,132890.0
530,89215382cafffff,973000.0
531,89215382cbbffff,575315.0
532,89215382cc3ffff,35241779.16
533,89215382cc7ffff,6055997.0
534,89215382ccbffff,4937888.0
535,89215382ccfffff,4249794.0
536,89215382cd3ffff,3245646.0
537,89215382cd7ffff,33258818.68000005
538,89215382cdbffff,16514730.0
539,89215382d0fffff,1039104.0
540,89215382d8bffff,6334475.0
541,89215382d97ffff,1408910.0
542,89215382d9bffff,3872491.2800000003
543,89215382dc3ffff,2632442.0
544,89215382dcbffff,312446.0
545,89215382dd3ffff,53535115.0
546,89215382dd7ffff,8686939.0
547,89215382ddbffff,151900154.42000002
548,89215382e03ffff,494519278.93
549,89215382e07ffff,144851299.64000002
550,89215382e0bffff,66963398.86
551,89215382e0fffff,114582938.49000001
552,89215382e13ffff,13070808.0
553,89215382e17ffff,9540571.0
554,89215382e1bffff,35396323.5
555,89215382e27ffff,1697712.0
556,89215382e2bffff,12172328.0
557,89215382e2fffff,20280651.0
558,89215382e33ffff,1977360617.0
559,89215382e37ffff,11024786.0
560,89215382e3bffff,21152637.0
561,89215382e43ffff,132447056.0
562,89215382e47ffff,22995373.0
563,89215382e4bffff,420663471.62
564,89215382e4fffff,406455523.9
565,89215382e53ffff,94057995.23999998
566,89215382e57ffff,19376742.28
567,89215382e5bffff,47299242.0
568,89215382e63ffff,21008861.0
569,89215382e67ffff,306468.0
570,89215382e6fffff,4003385.0
571,89215382e73ffff,2038177.0
572,89215382e77ffff,1341138.0
573,89215382e7bffff,47199289.0
574,89215382e83ffff,24322265.0
575,89215382e87ffff,375446.0
576,89215382e8bffff,65600452.77
577,89215382e8fffff,45223422.0
578,89215382e93ffff,16111372.0
579,89215382e9bffff,3030949.0
580,89215382ea3ffff,4169754.0
581,89215382ea7ffff,15792734.0
582,89215382eabffff,606809.0
583,89215382eafffff,711922343.0
584,89215382eb3ffff,79712932.53
585,89215382eb7ffff,11050334.9
586,89215382ebbffff,38773036.0
587,89215382ec3ffff,16107544.93
588,89215382ec7ffff,3661349.41
589,89215382ecbffff,8877959.96
590,89215382ecfffff,71362288.0
591,89215382ed3ffff,3522217.0
592,89215382ed7ffff,28893346.0
593,89215382edbffff,1325653.0
594,8921538306bffff,1291000.0
595,89215383077ffff,238332390.61
596,89215383103ffff,1617242.999999993
597,8921538310bffff,1314788.47
598,8921538310fffff,0.0
599,89215383113ffff,3956490.0
600,89215383127ffff,681600.0
601,8921538312bffff,4818153.0
602,8921538312fffff,160271205.5
603,89215383137ffff,136490.0
604,8921538313bffff,1620541.0
605,89215383147ffff,9837109.0
606,8921538314bffff,6172438.0
607,8921538314fffff,609905.0
608,89215383153ffff,5438404.1
609,89215383163ffff,9619229.0
610,89215383167ffff,14234041.44
611,8921538316bffff,12194863.0
612,8921538316fffff,386692.0
613,89215383173ffff,40869653.0
614,89215383177ffff,4334349.640000001
615,8921538317bffff,12243034.0
616,89215383183ffff,16604281.0
617,89215383187ffff,2179588.0
618,892153831a3ffff,12504006.0
619,892153831a7ffff,56785605.0
620,892153831b7ffff,1874248.0
621,892153831bbffff,8680017.0
622,892153831cfffff,994847.0
623,892153832a7ffff,4618855.0
624,89215383307ffff,29238542.0
625,89215383327ffff,3368567.0
626,89215383333ffff,13330.0
627,89215383353ffff,308810369.0
628,89215383357ffff,4526088.0
629,8921538338fffff,3093675.0
630,892153833a3ffff,1552317454.3799999
631,892153833a7ffff,59838272.97000001
632,892153833abffff,98200.0
633,892153833b3ffff,2794183.199999999
634,892153833b7ffff,2448298.48
635,892153833cbffff,36101851.0
636,89215383523ffff,13000.0
637,8921538352fffff,0.0
638,89215383587ffff,10660.0
639,89215383593ffff,125626.0
640,89215383597ffff,609862.0
641,892153835b7ffff,57624863.510000005
642,8921538700bffff,14000.0
643,89215387057ffff,123795.0
644,89215387643ffff,258754.0
645,8921538764bffff,655848.0
646,8921538764fffff,8418194.0
647,89215387653ffff,418707128.47
648,8921538765bffff,4000.0
649,89215390803ffff,6715905.0
650,89215390807ffff,2145038.0
651,8921539080fffff,278000.0
652,89215390823ffff,699000.0
653,89215390827ffff,3208964.0
654,89215390833ffff,115676.0
655,89215390837ffff,63655626.0
656,8921539083bffff,2327300.0
657,89215390843ffff,3674367.0
658,89215390847ffff,5771559.0
659,8921539084bffff,0.0
660,8921539084fffff,68647319.0
661,89215390857ffff,13094.0
662,8921539085bffff,298939.0
663,89215390867ffff,472298.0
664,89215390873ffff,652000.0
665,89215390877ffff,1449330.0
666,892153908a7ffff,3963200.0
667,892153908abffff,3222346.0
668,892153908b3ffff,9805925.0
669,892153908b7ffff,36265908.0
670,892153908c3ffff,5738696.0
671,892153908cbffff,11452920.0
672,892153908cfffff,1811800.0
673,892153908dbffff,22425962.0
674,89215390907ffff,0.0
675,89215390917ffff,93591.0
676,8921539091bffff,309685.0
677,8921539092bffff,101773.0
678,8921539093bffff,468323.0
679,89215390943ffff,524919.0
680,89215390947ffff,14978246.0
681,89215390957ffff,2512200.0
682,8921539095bffff,1783125.0
683,89215390967ffff,200686366.0
684,8921539096bffff,6312500.0
685,89215390977ffff,2130268.0
686,8921539097bffff,4454100.0
687,892153909cfffff,2230000.0
688,892153909d3ffff,516320.0
689,89215390a07ffff,9361415.0
690,89215390a0fffff,2788936.0
691,89215390a13ffff,280885.0
692,89215390a17ffff,2745686.0
693,89215390a23ffff,725934.0
694,89215390a27ffff,507624.0
695,89215390a2fffff,1338165.0
696,89215390a33ffff,25398420.0
697,89215390a37ffff,23425.0
698,89215390a87ffff,3873035.5
699,89215390a8bffff,121204.0
700,89215390a8fffff,1633731.0
701,89215390a97ffff,59254.0
702,89215390aa3ffff,379735.0
703,89215390aabffff,116022.0
704,89215390aafffff,613176.0
705,89215390ab7ffff,25193365.0
706,89215390abbffff,624000.0
707,89215390ac3ffff,64565.0
708,89215390ad7ffff,1493376.0
709,89215390b03ffff,0.0
710,89215390b07ffff,173470.0
711,89215390b0bffff,3691554.0
712,89215390b13ffff,27061.0
713,89215390b17ffff,15100.0
714,89215390b1bffff,31060184.0
715,89215390b23ffff,2587046.0
716,89215390b27ffff,636670.0
717,89215390b2fffff,981251.0
718,89215390b37ffff,1169516.0
719,89215390b3bffff,184900.0
720,89215390b43ffff,6844543.300000004
721,89215390b47ffff,54416261.0
722,89215390b4bffff,463695.0
723,89215390b4fffff,1617308.0
724,89215390b53ffff,1606550.0
725,89215390b57ffff,9587597.0
726,89215390b5bffff,1197363.0
727,89215390b63ffff,1023415.0
728,89215390b67ffff,5797575.0
729,89215390b6bffff,11172975.0
730,89215390b6fffff,43377210.0
731,89215390b73ffff,33770046.0
732,89215390b77ffff,484700.0
733,89215390b7bffff,1028134.0
734,89215390b83ffff,1413771.0
735,89215390b87ffff,192305.0
736,89215390b8bffff,193000.0
737,89215390b8fffff,149200.0
738,89215390b93ffff,40250.0
739,89215390b97ffff,0.0
740,89215390ba7ffff,1393078.0
741,89215390babffff,1438125.0
742,89215390bafffff,53357450.0
743,89215390bbbffff,124885.0
744,89215390bc7ffff,506551.0
745,89215390bcbffff,1334200.0
746,89215390bcfffff,2412296.0
747,89215390bd3ffff,30887035.810000002
748,89215390bdbffff,482645.0
749,89215390d4fffff,12032857.0
750,89215390d57ffff,24000.0
751,89215390d63ffff,341060.0
752,89215390e23ffff,668969.0599999999
753,89215390e27ffff,1634080.24
754,89215390e2bffff,598785.0
755,89215390e2fffff,40000.0
756,89215390e37ffff,3965410.0
757,89215390e3bffff,2087000.0
758,89215390e77ffff,625500.0
759,8921539116bffff,0.0
760,8921539116fffff,877670.0
761,89215391303ffff,949045.0
762,89215391307ffff,5263788.0
763,8921539130bffff,0.0
764,89215391317ffff,60000.0
765,8921539132bffff,77273.0
766,89215391363ffff,70560.0
767,89215391367ffff,391465.0
768,8921539136bffff,5675.0
769,89215391377ffff,2034333.35
770,892153913afffff,2827952.0
771,8921539185bffff,427201.0
772,89215391927ffff,651000.0
773,89215391b27ffff,346880.0
774,89215391b2fffff,1444461.0
775,89215391e07ffff,749339.0
776,89215391e0bffff,455288.0
777,89215391e3bffff,1596324.0
778,89215391e5bffff,2483666.0
779,89215391ec7ffff,141302.0
780,89215391ed3ffff,5529308.96
781,89215391edbffff,178790.0
782,89215395043ffff,5155209.0
783,89215395047ffff,109083800.0
784,8921539504bffff,202000.0
785,8921539506bffff,129275.0
786,8921539506fffff,956985.0
787,8921539507bffff,165496.0
788,89215395083ffff,164400.0
789,892153950cbffff,8686260.0
790,892153950dbffff,174000.0
791,89215395203ffff,33064809.759999998
792,89215395207ffff,113714283.0
793,8921539520bffff,6537944.0
794,8921539520fffff,167151664.0
795,89215395217ffff,1413399.0
796,8921539521bffff,9819619.0
797,89215395223ffff,89982813.0
798,89215395227ffff,109124906.62000053
799,8921539522bffff,6680004.0
800,89215395233ffff,1841635.0
801,89215395237ffff,611170914.5400006
802,8921539523bffff,307149206.99
803,89215395243ffff,177673175.31000015
804,89215395247ffff,766795.0
805,8921539524bffff,242374396.48
806,89215395253ffff,150144749.98000002
807,89215395257ffff,4147841.0
808,8921539525bffff,551413.0
809,89215395263ffff,5106340.0
810,89215395267ffff,453000.0
811,8921539526bffff,14471689.05
812,8921539526fffff,108781178.97
813,89215395273ffff,3307601.0
814,89215395277ffff,250283855.0
815,8921539527bffff,27325022.0
816,89215395283ffff,20500924.91
817,89215395287ffff,48813069.0
818,8921539528bffff,1307816.0
819,8921539528fffff,12864784.0
820,89215395293ffff,31621921.0
821,89215395297ffff,1678000.0
822,8921539529bffff,36625.0
823,892153952afffff,14939705.0
824,892153952bbffff,182000.0
825,892153952c3ffff,11966013.27
826,892153952c7ffff,78000.0
827,892153952cbffff,237672110.0
828,892153952cfffff,103617609.0
829,892153952d3ffff,2058555.0
830,892153952dbffff,9693146.0
831,89215395303ffff,354736412.6700005
832,89215395313ffff,3856696.0
833,89215395317ffff,0.0
834,8921539531bffff,88912804.22999997
835,89215395327ffff,15843422.5
836,8921539532fffff,850204.0
837,89215395337ffff,196329930.0
838,89215395343ffff,1200000.0
839,89215395347ffff,439500.0
840,8921539534fffff,2027460.0
841,89215395357ffff,68367112.0
842,8921539536bffff,1136393.0
843,8921539536fffff,86005705.0
844,89215395373ffff,134633014.94
845,8921539538bffff,10536648.0
846,8921539538fffff,169786739.0
847,89215395393ffff,2698200.0
848,892153953a7ffff,22985963.0
849,892153953abffff,159168984.01999998
850,892153953afffff,3111941.0
851,892153953c3ffff,200788893.0
852,892153953c7ffff,21500.0
853,892153953cbffff,103750593.04
854,892153953cfffff,263763950.2
855,892153953d3ffff,32912374.0
856,89215395607ffff,2194509.0
857,8921539560bffff,2184510.0
858,89215395613ffff,17075211.0
859,89215395617ffff,2338750.0
860,8921539561bffff,424145183.4
861,89215395623ffff,35627466.01
862,8921539562bffff,25820.0
863,8921539562fffff,78329595.0
864,8921539563bffff,835615.0
865,89215395643ffff,14155763.0
866,89215395647ffff,25899848.0
867,8921539564bffff,3914973.0
868,8921539564fffff,27339206.0
869,89215395653ffff,1144919.0
870,89215395657ffff,48814162.0
871,8921539565bffff,9892322.0
872,89215395663ffff,22862487.0
873,89215395667ffff,22705768.009999998
874,8921539566bffff,8060259.0
875,8921539566fffff,15089201.0
876,89215395677ffff,91550.0
877,8921539567bffff,27116668.509999998
878,89215395683ffff,14342894.04
879,89215395687ffff,1149901.0
880,8921539568fffff,571725.0
881,89215395693ffff,543430.0
882,8921539569bffff,3859907.0
883,892153956abffff,63690.0
884,892153956bbffff,1415000.0
885,892153956c3ffff,9479000.0
886,892153956c7ffff,289534.0
887,892153956cbffff,3535496.0
888,892153956cfffff,1634676.0
889,892153956d3ffff,72614430.74000001
890,892153956d7ffff,3294342.0
891,892153956dbffff,19408289.0
892,89215395c6bffff,2540794.0
893,89215395ea7ffff,654000.0
894,89215395ec7ffff,1274100.0
895,89215395edbffff,146079184.0
896,8921539704fffff,9892077.0
897,8921539ad97ffff,2036875.0
898,8921539adb7ffff,746037.0
