,cluster,mean,count,sum,hex_location
0,89215900083ffff,8355.708333333332,31.0,258665.0,"((52.23175425754298, 77.02277290095954), (52.22994422327796, 77.02403663304355), (52.22969617404503, 77.02722868414602), (52.231258136648606, 77.02915721923956), (52.23306821133049, 77.02789365372347), (52.23331628299325, 77.0247013865341))"
1,89215900413ffff,20161.734876746395,404.0,958962.0,"((52.2407270302732, 76.99536671214584), (52.23891730547229, 76.99663175383795), (52.23866997841831, 76.99982466261866), (52.240232353813575, 77.00175274593454), (52.24204211909779, 77.00048787072116), (52.242289468504744, 76.99729474570138))"
2,89215900417ffff,300000.0,1.0,300000.0,"((52.24204211909779, 77.00048787072116), (52.240232353813575, 77.00175274593454), (52.23998488771823, 77.00494569201626), (52.24154716454096, 77.00687397911017), (52.24335697029728, 77.00560927041278), (52.243604458760075, 77.00241610809368))"
3,89215900433ffff,105416.05902777778,229.0,1152975.0,"((52.241299559397596, 77.01006696244183), (52.2394896998127, 77.01133144246049), (52.23924197800906, 77.01452424678541), (52.24080409339721, 77.01645278728549), (52.24261399343194, 77.01518847383052), (52.242861737629966, 77.01199545329997))"
4,89215900463ffff,2358.2758620689656,58.0,136780.0,"((52.23118319144098, 77.00807566797147), (52.22937329181812, 77.00933996164223), (52.22912563718577, 77.01253211752078), (52.23068785978912, 77.01446019583717), (52.232497799862315, 77.01319606864948), (52.232745476883125, 77.0100036966505))"
5,8921590047bffff,8370.175324675325,18.0,129277.0,"((52.22986834546181, 77.0029555081861), (52.22805848630048, 77.00421996830265), (52.22781097066499, 77.00741208697556), (52.22937329181812, 77.00933996164223), (52.23118319144098, 77.00807566797147), (52.23143072945048, 77.00488333317648))"
6,8921590048bffff,8962.747736803502,7255.0,30887067.979999997,"((52.24278391155952, 76.99090835410519), (52.24097424063098, 76.99217362447642), (52.2407270302732, 76.99536671214584), (52.242289468504744, 76.99729474570138), (52.24409917992762, 76.99602964179844), (52.2443464126259, 76.99283633785987))"
7,89215900493ffff,21637.623529411765,87.0,192396.0,"((52.24821278977002, 76.98711196106247), (52.246403186135026, 76.98837752240814), (52.2461560701657, 76.99157100524619), (52.24771853550273, 76.99349914305441), (52.24952817964296, 76.99223374819347), (52.24977531794225, 76.98904004902776))"
8,892159004c7ffff,12207.682810647793,966.0,2011848.0,"((52.239411703848035, 76.9902457947516), (52.23760201954163, 76.99151100288512), (52.23735483152237, 76.99470387431383), (52.23891730547229, 76.99663175383795), (52.2407270302732, 76.99536671214584), (52.24097424063098, 76.99217362447642))"
9,892159004d7ffff,13308.458878382376,1751.0,9762074.0,"((52.24146840558627, 76.98578730768138), (52.23965877516331, 76.98705274448356), (52.239411703848035, 76.9902457947516), (52.24097424063098, 76.99217362447642), (52.24278391155952, 76.99090835410519), (52.24303100520083, 76.98771508756636))"
11,89215902003ffff,51720.0750766147,5401.0,55976036.04,"((52.276670145646705, 76.97324117902156), (52.27486083872871, 76.9745080300122), (52.27461405616869, 76.9777035273699), (52.27617655823617, 76.979632390344), (52.2779859057027, 76.9783657059576), (52.278232710554484, 76.97516999198102))"
12,89215902007ffff,523723.3785794694,1551.0,11145201.0,"((52.2779859057027, 76.9783657059576), (52.27617655823617, 76.979632390344), (52.275929636486815, 76.98282792528775), (52.27749203989901, 76.98475699245051), (52.27930142790285, 76.98349047470577), (52.279548371958455, 76.98029472314477))"
13,8921590200bffff,130769.76474122512,285.0,4748127.0,"((52.27329823802379, 76.97257937124053), (52.271488917598624, 76.97384615980165), (52.271242157328416, 76.97704144056895), (52.27280469519486, 76.97897014935369), (52.27461405616869, 76.9777035273699), (52.27486083872871, 76.9745080300122))"
14,8921590200fffff,16912.44444444444,46.0,124332.0,"((52.27461405616869, 76.9777035273699), (52.27280469519486, 76.97897014935369), (52.27255779574974, 76.98216546770868), (52.27412023497551, 76.98409438065681), (52.275929636486815, 76.98282792528775), (52.27617655823617, 76.979632390344))"
15,89215902013ffff,8160.313065248622,1921.0,10885798.0,"((52.27872606414175, 76.96877842266184), (52.276916811301355, 76.97004550268056), (52.276670145646705, 76.97324117902156), (52.278232710554484, 76.97516999198102), (52.28004200395448, 76.97390307855605), (52.28028869188839, 76.97070718556606))"
16,89215902017ffff,12557.147885378121,633.0,4833267.0,"((52.28004200395448, 76.97390307855605), (52.278232710554484, 76.97516999198102), (52.2779859057027, 76.9783657059576), (52.279548371958455, 76.98029472314477), (52.28135770590681, 76.97902797635096), (52.28160453305235, 76.975832045727))"
17,8921590201bffff,15094.329248066144,13565.0,103865203.0,"((52.2753541477594, 76.96811689396253), (52.27354488140113, 76.96938391152003), (52.27329823802379, 76.97257937124053), (52.27486083872871, 76.9745080300122), (52.276670145646705, 76.97324117902156), (52.276916811301355, 76.97004550268056))"
18,89215902023ffff,39065.32728577799,3102.0,182156423.13,"((52.2772449789536, 76.98795256492922), (52.27543553691604, 76.98921885364616), (52.27518835910113, 76.99241424702315), (52.276750600991896, 76.99434356825684), (52.27856008354453, 76.9930774462294), (52.27880728369264, 76.98988183626692))"
19,89215902027ffff,95378.85326086957,27.0,1324651.0,"((52.27856008354453, 76.9930774462294), (52.276750600991896, 76.99434356825684), (52.27650328398208, 76.9975389990681), (52.278065427178554, 76.99946852442393), (52.279874950235026, 76.99820256912336), (52.280122289592505, 76.99500692172828))"
20,8921590202bffff,13887.853446778598,105457.0,453192385.1000056,"((52.27387319634883, 76.98728973654838), (52.27206374081448, 76.98855596292132), (52.27181658533081, 76.99175113974133), (52.27337886305156, 76.99368030673352), (52.27518835910113, 76.99241424702315), (52.27543553691604, 76.98921885364616))"
21,8921590202fffff,8706.064935064935,77.0,670367.0,"((52.27518835910113, 76.99241424702315), (52.27337886305156, 76.99368030673352), (52.273131568387456, 76.99687552098946), (52.27469374742851, 76.99880489207854), (52.27650328398208, 76.9975389990681), (52.276750600991896, 76.99434356825684))"
22,89215902033ffff,53779.38528325207,426.0,8096758.8,"((52.27930142790285, 76.98349047470577), (52.27749203989901, 76.98475699245051), (52.2772449789536, 76.98795256492922), (52.27880728369264, 76.98988183626692), (52.28061671222259, 76.98861548520121), (52.28086379548869, 76.9854196961069))"
23,89215902037ffff,89632.59777777777,217.0,5308149.0,"((52.28061671222259, 76.98861548520121), (52.27880728369264, 76.98988183626692), (52.27856008354453, 76.9930774462294), (52.280122289592505, 76.99500692172828), (52.28193175863737, 76.993740737379), (52.28217898112064, 76.99054491080257))"
24,8921590203bffff,18256.50649350649,388.0,9189505.0,"((52.275929636486815, 76.98282792528775), (52.27412023497551, 76.98409438065681), (52.27387319634883, 76.98728973654838), (52.27543553691604, 76.98921885364616), (52.2772449789536, 76.98795256492922), (52.27749203989901, 76.98475699245051))"
25,89215902043ffff,10863.585346989288,2143.0,16567723.0,"((52.268610167117224, 76.96679411164878), (52.26680087375574, 76.96806100429822), (52.2665542749271, 76.97125603086322), (52.268116947187885, 76.97318438133044), (52.269926281109385, 76.97191765519403), (52.270172902211385, 76.96872241206555))"
26,89215902047ffff,27126.017929631347,3329.0,6469131.0,"((52.269926281109385, 76.97191765519403), (52.268116947187885, 76.97318438133044), (52.26787020920551, 76.97637944553585), (52.26943278285809, 76.97830800015493), (52.271242157328416, 76.97704144056895), (52.271488917598624, 76.97384615980165))"
27,8921590204bffff,113175.11526672574,547.0,51091380.0,"((52.265238102904654, 76.96613285799657), (52.26342879605782, 76.9673996881992), (52.2631822195006, 76.97059449822918), (52.26474492752009, 76.97252269457968), (52.2665542749271, 76.97125603086322), (52.26680087375574, 76.96806100429822))"
28,8921590204fffff,11473.560728438228,309.0,829692.0,"((52.2665542749271, 76.97125603086322), (52.26474492752009, 76.97252269457968), (52.2644982118236, 76.97571754225169), (52.266060821249525, 76.97764594272878), (52.26787020920551, 76.97637944553585), (52.268116947187885, 76.97318438133044))"
29,89215902053ffff,5750.240203571442,5782.0,16803992.0,"((52.270665888351935, 76.96233178460659), (52.268856649057724, 76.96359890621021), (52.268610167117224, 76.96679411164878), (52.270172902211385, 76.96872241206555), (52.27198218207669, 76.96745545696449), (52.27222868627805, 76.9642600349323))"
30,89215902057ffff,248039.49221222947,684.0,13613064.0,"((52.27198218207669, 76.96745545696449), (52.270172902211385, 76.96872241206555), (52.269926281109385, 76.97191765519403), (52.271488917598624, 76.97384615980165), (52.27329823802379, 76.97257937124053), (52.27354488140113, 76.96938391152003))"
31,8921590205bffff,25434.413740224558,1364.0,8318091.0,"((52.26729381537651, 76.961670809998), (52.26548456258624, 76.9629378691231), (52.265238102904654, 76.96613285799657), (52.26680087375574, 76.96806100429822), (52.268610167117224, 76.96679411164878), (52.268856649057724, 76.96359890621021))"
32,89215902063ffff,174696.6065687163,646.0,7513544.970000001,"((52.26918590571529, 76.98150310194963), (52.26737647722155, 76.98276943258168), (52.26712948322644, 76.98596435538443), (52.26869189541161, 76.98789316407348), (52.27050136443191, 76.98662700003975), (52.2707483807418, 76.98343186070683))"
33,89215902067ffff,36850.37569632397,1615.0,55638807.48,"((52.27050136443191, 76.98662700003975), (52.26869189541161, 76.98789316407348), (52.26844476225719, 76.99108812436498), (52.270007075795135, 76.99301713713942), (52.27181658533081, 76.99175113974133), (52.27206374081448, 76.98855596292132))"
34,8921590206bffff,15586.61338631125,39170.0,291683904.15999985,"((52.265813966407066, 76.98084082799171), (52.264004524438356, 76.98210709626241), (52.263757552756104, 76.9853018025635), (52.265320000731016, 76.98723045708374), (52.26712948322644, 76.98596435538443), (52.26737647722155, 76.98276943258168))"
35,8921590206fffff,1134885.8860390359,638.0,2519451176.0,"((52.26712948322644, 76.98596435538443), (52.265320000731016, 76.98723045708374), (52.26507288990392, 76.99042520087521), (52.26663523924625, 76.99235405945554), (52.26844476225719, 76.99108812436498), (52.26869189541161, 76.98789316407348))"
36,89215902073ffff,20409.9332221088,1757.0,6988254.0,"((52.271242157328416, 76.97704144056895), (52.26943278285809, 76.97830800015493), (52.26918590571529, 76.98150310194963), (52.2707483807418, 76.98343186070683), (52.27255779574974, 76.98216546770868), (52.27280469519486, 76.97897014935369))"
37,89215902077ffff,25898.582252314904,924.0,11895120.0,"((52.27255779574974, 76.98216546770868), (52.2707483807418, 76.98343186070683), (52.27050136443191, 76.98662700003975), (52.27206374081448, 76.98855596292132), (52.27387319634883, 76.98728973654838), (52.27412023497551, 76.98409438065681))"
38,8921590207bffff,5525.697690017059,932.0,4415948.0,"((52.26787020920551, 76.97637944553585), (52.266060821249525, 76.97764594272878), (52.265813966407066, 76.98084082799171), (52.26737647722155, 76.98276943258168), (52.26918590571529, 76.98150310194963), (52.26943278285809, 76.97830800015493))"
39,89215902083ffff,28379.210605077118,6774.0,127154821.0,"((52.28415368739756, 76.96497659953154), (52.28234450219585, 76.96624397109728), (52.2820979312001, 76.96944004308132), (52.283660523138636, 76.97136896019539), (52.28546974891081, 76.97010175523982), (52.28571634217529, 76.96690546654816))"
40,89215902087ffff,8464.652257624046,10221.0,26079887.0,"((52.28546974891081, 76.97010175523982), (52.283660523138636, 76.97136896019539), (52.2834138129235, 76.9745650698629), (52.284976306198644, 76.97649419126904), (52.28678557253011, 76.97522715296105), (52.287032305028454, 76.9720308265875))"
41,8921590208bffff,18676.439417448113,6924.0,39946881.0,"((52.28078181161183, 76.96431525828896), (52.278972612870746, 76.96558256735695), (52.27872606414175, 76.96877842266184), (52.28028869188839, 76.97070718556606), (52.2820979312001, 76.96944004308132), (52.28234450219585, 76.96624397109728))"
42,8921590208fffff,6305.537364076929,786.0,1191874.0,"((52.2820979312001, 76.96944004308132), (52.28028869188839, 76.97070718556606), (52.28004200395448, 76.97390307855605), (52.28160453305235, 76.975832045727), (52.2834138129235, 76.9745650698629), (52.283660523138636, 76.97136896019539))"
43,89215902093ffff,31291.238468241958,1537.0,26222270.130000003,"((52.28620927250482, 76.96051274790497), (52.28440014143486, 76.96178034857292), (52.28415368739756, 76.96497659953154), (52.28571634217529, 76.96690546654816), (52.28752551382679, 76.96563803247984), (52.28777199012031, 76.96244156478345))"
44,89215902097ffff,21670.592321129927,4704.0,113683342.25,"((52.28752551382679, 76.96563803247984), (52.28571634217529, 76.96690546654816), (52.28546974891081, 76.97010175523982), (52.287032305028454, 76.9720308265875), (52.2888415172503, 76.97076355915628), (52.28908813278546, 76.96756705372846))"
45,8921590209bffff,50188.40158275948,3213.0,21319834.0,"((52.282837388014904, 76.9598516859011), (52.28102824339488, 76.96111922403956), (52.28078181161183, 76.96431525828896), (52.28234450219585, 76.96624397109728), (52.28415368739756, 76.96497659953154), (52.28440014143486, 76.96178034857292))"
46,892159020a3ffff,303367.62760364526,895.0,5661014.0,"((52.28472945675742, 76.97969033856891), (52.282920136338035, 76.9809571477749), (52.282673169974224, 76.98415311598167), (52.28423550172092, 76.98608249164486), (52.286044862677315, 76.98481584913438), (52.28629185135131, 76.98161966425333))"
47,892159020a7ffff,33773.50352263506,11426.0,121666650.63999929,"((52.286044862677315, 76.98481584913438), (52.28423550172092, 76.98608249164486), (52.28398839613214, 76.98927849738328), (52.28555062917643, 76.99120807727199), (52.28736003065864, 76.9899416014944), (52.287607158572065, 76.98674537908336))"
48,892159020abffff,69597.36205336457,9102.0,124328168.0,"((52.28135770590681, 76.97902797635096), (52.279548371958455, 76.98029472314477), (52.27930142790285, 76.98349047470577), (52.28086379548869, 76.9854196961069), (52.282673169974224, 76.98415311598167), (52.282920136338035, 76.9809571477749))"
49,892159020afffff,201530.79397202798,126.0,6225444.08,"((52.282673169974224, 76.98415311598167), (52.28086379548869, 76.9854196961069), (52.28061671222259, 76.98861548520121), (52.28217898112064, 76.99054491080257), (52.28398839613214, 76.98927849738328), (52.28423550172092, 76.98608249164486))"
50,892159020b3ffff,16971.354025705736,3178.0,14137239.0,"((52.28678557253011, 76.97522715296105), (52.284976306198644, 76.97649419126904), (52.28472945675742, 76.97969033856891), (52.28629185135131, 76.98161966425333), (52.28810115823085, 76.98035279263034), (52.288348029969754, 76.97715642862609))"
51,892159020b7ffff,81316.897289632,504.0,21567613.59,"((52.28810115823085, 76.98035279263034), (52.28629185135131, 76.98161966425333), (52.286044862677315, 76.98481584913438), (52.287607158572065, 76.98674537908336), (52.2894165059885, 76.9854786741828), (52.28966351697462, 76.982282272599))"
52,892159020bbffff,19056.51724137931,39.0,516088.0,"((52.2834138129235, 76.9745650698629), (52.28160453305235, 76.975832045727), (52.28135770590681, 76.97902797635096), (52.282920136338035, 76.9809571477749), (52.28472945675742, 76.97969033856891), (52.284976306198644, 76.97649419126904))"
53,892159020c3ffff,37487.95808752651,116.0,4717166.0,"((52.27609347103348, 76.95852983683493), (52.27428429934583, 76.95979724992891), (52.27403791206538, 76.96299285084538), (52.275600674223604, 76.96492125530824), (52.27740988649324, 76.9636540087332), (52.27765629602399, 76.96045819116452))"
54,892159020c7ffff,18824.523162606074,2655.0,17298372.0,"((52.27740988649324, 76.9636540087332), (52.275600674223604, 76.96492125530824), (52.2753541477594, 76.96811689396253), (52.276916811301355, 76.97004550268056), (52.27872606414175, 76.96877842266184), (52.278972612870746, 76.96558256735695))"
55,892159020cbffff,1115.6361607142858,67.0,73295.0,"((52.272721438589244, 76.95786904973488), (52.27091225338401, 76.95913640031384), (52.270665888351935, 76.96233178460659), (52.27222868627805, 76.9642600349323), (52.27403791206538, 76.96299285084538), (52.27428429934583, 76.95979724992891))"
56,892159020cfffff,11453.12608146252,2278.0,9790442.0,"((52.27403791206538, 76.96299285084538), (52.27222868627805, 76.9642600349323), (52.27198218207669, 76.96745545696449), (52.27354488140113, 76.96938391152003), (52.2753541477594, 76.96811689396253), (52.275600674223604, 76.96492125530824))"
57,892159020d3ffff,118035.30299938547,13206.0,66821505.83000006,"((52.278148858938955, 76.95406641493142), (52.276339741372716, 76.95533405705362), (52.27609347103348, 76.95852983683493), (52.27765629602399, 76.96045819116452), (52.279465454183246, 76.95919071555072), (52.27971174676029, 76.95599471908709))"
58,892159020d7ffff,35848.384395152054,1811.0,10776043.690000001,"((52.279465454183246, 76.95919071555072), (52.27765629602399, 76.96045819116452), (52.27740988649324, 76.9636540087332), (52.278972612870746, 76.96558256735695), (52.28078181161183, 76.96431525828896), (52.28102824339488, 76.96111922403956))"
59,892159020dbffff,3103.039315068493,223.0,655891.0,"((52.27477681778711, 76.9534059070319), (52.27296768669261, 76.95467348660736), (52.272721438589244, 76.95786904973488), (52.27428429934583, 76.95979724992891), (52.27609347103348, 76.95852983683493), (52.276339741372716, 76.95533405705362))"
60,89215902113ffff,46812.92222235975,1583.0,14691849.0,"((52.2879326469035, 77.00465609156421), (52.28612311038137, 77.00592200464119), (52.28587547020664, 77.00911794335698), (52.28743734417482, 77.0110481856214), (52.289246921178076, 77.00978243939997), (52.28949458373333, 77.00658628404675))"
61,89215902117ffff,23761.924754921412,827.0,6125866.0,"((52.289246921178076, 77.00978243939997), (52.28743734417482, 77.0110481856214), (52.2871895647563, 77.01424416161461), (52.28875133994737, 77.0161746080103), (52.29056095742052, 77.01490902868183), (52.29080875923403, 77.01171283605287))"
62,8921590216bffff,1484.2236842105265,95.0,98402.0,"((52.275017589722786, 77.01671059081404), (52.273207864302435, 77.0179756923005), (52.272959918466476, 77.02117065996052), (52.27452167563813, 77.02310074261219), (52.27633144150671, 77.0218358079586), (52.276579409756735, 77.01864062380864))"
63,8921590216fffff,322560.0,1.0,322560.0,"((52.27633144150671, 77.0218358079586), (52.27452167563813, 77.02310074261219), (52.27427359061079, 77.02629574740459), (52.275835249024816, 77.02822603401981), (52.27764505533042, 77.02696126623643), (52.27789316278628, 77.0237660449558))"
64,89215902183ffff,8113.789922078628,809.0,1439351.0,"((52.29336112135726, 77.00085776948958), (52.29155165239745, 77.00212397399835), (52.291304106725754, 77.00532030869229), (52.29286600764517, 77.00725065556175), (52.29467551709703, 77.00598461792507), (52.29492308513875, 77.00278806653499))"
65,89215902187ffff,9348.19189344404,1346.0,4348693.0,"((52.29467551709703, 77.00598461792507), (52.29286600764517, 77.00725065556175), (52.292618322707405, 77.01044702758092), (52.29418012483832, 77.012377578646), (52.295989674771, 77.01111170791879), (52.29623738209325, 77.00791511920517))"
66,8921590218bffff,3724.993141825221,979.0,1834153.0,"((52.2899896527074, 77.00019383133834), (52.28818017020717, 77.0014599735379), (52.2879326469035, 77.00465609156421), (52.28949458373333, 77.00658628404675), (52.291304106725754, 77.00532030869229), (52.29155165239745, 77.00212397399835))"
67,8921590218fffff,15318.333333333334,12.0,183820.0,"((52.291304106725754, 77.00532030869229), (52.28949458373333, 77.00658628404675), (52.289246921178076, 77.00978243939997), (52.29080875923403, 77.01171283605287), (52.292618322707405, 77.01044702758092), (52.29286600764517, 77.00725065556175))"
68,89215902193ffff,2205.124662143412,534.0,1183601.0,"((52.29541796503058, 76.99639482178988), (52.29360855012509, 76.99766125547427), (52.29336112135726, 77.00085776948958), (52.29492308513875, 77.00278806653499), (52.29673254054732, 77.00152179971224), (52.29697999167266, 76.9983250689706))"
69,89215902197ffff,13661.300085882547,312.0,3110670.0,"((52.29673254054732, 77.00152179971224), (52.29492308513875, 77.00278806653499), (52.29467551709703, 77.00598461792507), (52.29623738209325, 77.00791511920517), (52.298046877993706, 77.00664901928148), (52.2982944684074, 77.00345225116678))"
70,8921590219bffff,19818.68994636316,320.0,1529203.0,"((52.29204648757625, 76.99573116267739), (52.290237059119676, 76.99699753402084), (52.2899896527074, 77.00019383133834), (52.29155165239745, 77.00212397399835), (52.29336112135726, 77.00085776948958), (52.29360855012509, 76.99766125547427))"
71,892159021a3ffff,8537.397340899908,529.0,2052995.0,"((52.29393230062786, 77.01557398793919), (52.29212269668472, 77.01683962949122), (52.29187475560633, 77.02003585934467), (52.29343639606092, 77.02196666429678), (52.295246040462565, 77.02070118970205), (52.2954940039524, 77.01750474318605))"
72,892159021a7ffff,7064.218653127332,574.0,6031957.09,"((52.295246040462565, 77.02070118970205), (52.29343639606092, 77.02196666429678), (52.29318831571103, 77.02516293132351), (52.29474985733816, 77.02709394040446), (52.29655954218709, 77.02582863280442), (52.29680764496291, 77.02263214911687))"
73,892159021abffff,36061.65544871795,112.0,823750.0,"((52.29056095742052, 77.01490902868183), (52.28875133994737, 77.0161746080103), (52.28850342127842, 77.01937062122971), (52.2900650976745, 77.02130127174283), (52.29187475560633, 77.02003585934467), (52.29212269668472, 77.01683962949122))"
74,892159021b3ffff,1137.5149700598802,167.0,189965.0,"((52.295989674771, 77.01111170791879), (52.29418012483832, 77.012377578646), (52.29393230062786, 77.01557398793919), (52.2954940039524, 77.01750474318605), (52.297303594354666, 77.01623903940575), (52.29755144096409, 77.01304241341981))"
75,892159021b7ffff,9655.12,33.0,139914.0,"((52.297303594354666, 77.01623903940575), (52.2954940039524, 77.01750474318605), (52.295246040462565, 77.02070118970205), (52.29680764496291, 77.02263214911687), (52.298617275823545, 77.02136661232085), (52.298865261726775, 77.01816994911383))"
76,892159021bbffff,13872.022808491552,1561.0,3310305.0,"((52.292618322707405, 77.01044702758092), (52.29080875923403, 77.01171283605287), (52.29056095742052, 77.01490902868183), (52.29212269668472, 77.01683962949122), (52.29393230062786, 77.01557398793919), (52.29418012483832, 77.012377578646))"
77,892159021c7ffff,1926.3424266578395,30235.0,58242963.26999977,"((52.28661813462132, 76.99952998523952), (52.284808638591514, 77.00079606513465), (52.28456113765391, 77.00399196652184), (52.28612311038137, 77.00592200464119), (52.2879326469035, 77.00465609156421), (52.28818017020717, 77.0014599735379))"
78,892159021cbffff,216631.4756666667,30.0,6498944.27,"((52.28193175863737, 76.993740737379), (52.280122289592505, 76.99500692172828), (52.279874950235026, 76.99820256912336), (52.28143705757408, 77.00013224876965), (52.28324656712265, 76.99886623117419), (52.28349392882975, 76.9956703671668))"
79,892159021d3ffff,196736.08165972494,446.0,105976559.68,"((52.28736003065864, 76.9899416014944), (52.28555062917643, 76.99120807727199), (52.285303384356006, 76.99440412049088), (52.286865518680024, 76.99633390459132), (52.28867496067686, 76.99506759558403), (52.288922227836366, 76.99187133569417))"
80,892159021d7ffff,16503.787044679826,1268.0,4851945.0,"((52.28867496067686, 76.99506759558403), (52.286865518680024, 76.99633390459132), (52.28661813462132, 76.99952998523952), (52.28818017020717, 77.0014599735379), (52.2899896527074, 77.00019383133834), (52.290237059119676, 76.99699753402084))"
81,89215902203ffff,5855.994510509888,654.0,2857512.0,"((52.25306575799204, 76.9686104503188), (52.25125635675139, 76.96987686440357), (52.251009730178765, 76.97307084622666), (52.252572482570066, 76.97499863037271), (52.25438192436028, 76.97373238270394), (52.25462857321093, 76.97053818446133))"
82,89215902207ffff,47337.205128205125,149.0,808461.0,"((52.25438192436028, 76.97373238270394), (52.252572482570066, 76.97499863037271), (52.25232571690933, 76.9781926497932), (52.253888370747624, 76.98012063795105), (52.25569785307623, 76.97885455673566), (52.25594464102944, 76.97566032089725))"
83,8921590220bffff,89628.48263888888,105.0,929838.0,"((52.24969350582498, 76.96794928428302), (52.24788409115301, 76.96921563597186), (52.24763748685643, 76.97240940140391), (52.249200274957076, 76.97433703152635), (52.251009730178765, 76.97307084622666), (52.25125635675139, 76.96987686440357))"
84,8921590220fffff,25348.12997416021,99.0,1961422.0,"((52.251009730178765, 76.97307084622666), (52.249200274957076, 76.97433703152635), (52.248953531586864, 76.9775308345574), (52.25051622114912, 76.97945866866642), (52.25232571690933, 76.9781926497932), (52.252572482570066, 76.97499863037271))"
85,89215902217ffff,33915.74616853933,1792.0,5580834.540000033,"((52.256437961009425, 76.96927170797584), (52.25462857321093, 76.97053818446133), (52.25438192436028, 76.97373238270394), (52.25594464102944, 76.97566032089725), (52.25775406937734, 76.97439401085464), (52.25800074050799, 76.97119959616403))"
86,8921590221bffff,140535.93093428496,7799.0,193626268.6699999,"((52.25174935399606, 76.96348875964497), (52.249939993316175, 76.9647553401084), (52.24969350582498, 76.96794928428302), (52.25125635675139, 76.96987686440357), (52.25306575799204, 76.9686104503188), (52.25331226774679, 76.96541628972304))"
87,89215902223ffff,1141.868778280543,82.0,59530.0,"((52.25364146599209, 76.98331469491791), (52.25183192970455, 76.98458054732728), (52.251584908167004, 76.98777442540322), (52.25314740059886, 76.98970266744416), (52.254956977402536, 76.98843698153595), (52.255204021259516, 76.98524288707384))"
88,89215902227ffff,1971.4168092493987,2642.0,6225137.0,"((52.254956977402536, 76.98843698153595), (52.25314740059886, 76.98970266744416), (52.252900239967644, 76.99289658296595), (52.25446263380749, 76.99482502895229), (52.25627225111608, 76.99355950958258), (52.256519434081206, 76.99036537767624))"
89,8921590222bffff,5357.142857142857,8.0,45000.0,"((52.250269338698565, 76.98265250924544), (52.2484597889901, 76.98391829934427), (52.24821278977002, 76.98711196106247), (52.24977531794225, 76.98904004902776), (52.251584908167004, 76.98777442540322), (52.25183192970455, 76.98458054732728))"
91,89215902233ffff,9416.04,25.0,235401.0,"((52.25569785307623, 76.97885455673566), (52.253888370747624, 76.98012063795105), (52.25364146599209, 76.98331469491791), (52.255204021259516, 76.98524288707384), (52.25701354411528, 76.98397697234914), (52.25726047117775, 76.98078269896601))"
92,89215902237ffff,11766.666666666668,24.0,293600.0,"((52.25701354411528, 76.98397697234914), (52.255204021259516, 76.98524288707384), (52.254956977402536, 76.98843698153595), (52.256519434081206, 76.99036537767624), (52.25832899745295, 76.9890996294796), (52.25857606363135, 76.98590531860282))"
94,89215902257ffff,60764.0625,30.0,1935900.0,"((52.24837704387252, 76.96282796402706), (52.24656766976147, 76.96409448206768), (52.24632120453188, 76.96728820984966), (52.24788409115301, 76.96921563597186), (52.24969350582498, 76.96794928428302), (52.249939993316175, 76.9647553401084))"
95,89215902263ffff,2920.974238875878,427.0,1247256.0,"((52.24558129713249, 76.97686911100935), (52.24377177454157, 76.97813500521252), (52.243524936695096, 76.98132841310124), (52.2450875991398, 76.9832561431059), (52.246897162258364, 76.98199041531285), (52.247144022405884, 76.9787967910932))"
96,89215902267ffff,100.0,1.0,100.0,"((52.246897162258364, 76.98199041531285), (52.2450875991398, 76.9832561431059), (52.24484062223524, 76.9864495884948), (52.246403186135026, 76.98837752240814), (52.24821278977002, 76.98711196106247), (52.2484597889901, 76.98391829934427))"
97,8921590226bffff,19828.44262295082,61.0,1209535.0,"((52.242209013569834, 76.9762074791302), (52.24039947757983, 76.97747331100551), (52.24015266203244, 76.98066650259175), (52.241715360177295, 76.98259407859332), (52.243524936695096, 76.98132841310124), (52.24377177454157, 76.97813500521252))"
98,89215902273ffff,18450.0,11.0,164800.0,"((52.24763748685643, 76.97240940140391), (52.24582801821414, 76.97367552433931), (52.24558129713249, 76.97686911100935), (52.247144022405884, 76.9787967910932), (52.248953531586864, 76.9775308345574), (52.249200274957076, 76.97433703152635))"
99,89215902277ffff,3794.952084118751,248.0,1415775.0,"((52.248953531586864, 76.9775308345574), (52.247144022405884, 76.9787967910932), (52.246897162258364, 76.98199041531285), (52.2484597889901, 76.98391829934427), (52.250269338698565, 76.98265250924544), (52.25051622114912, 76.97945866866642))"
100,89215902283ffff,8297.773973880598,117.0,1072431.0,"((52.26054952173425, 76.96034913559583), (52.258740241984405, 76.96161606977834), (52.25849382681474, 76.96481062560706), (52.260056669141264, 76.96673846374958), (52.26186598946262, 76.96547169598895), (52.262112426887256, 76.9622769236521))"
101,89215902287ffff,4070.3184250548074,3353.0,8152119.0,"((52.26186598946262, 76.96547169598895), (52.260056669141264, 76.96673846374958), (52.25981011485349, 76.969933057273), (52.26137285861893, 76.97186109953051), (52.2631822195006, 76.97059449822918), (52.26342879605782, 76.9673996881992))"
102,8921590228bffff,11020.75704571538,1706.0,3686137.0,"((52.2571773011147, 76.95968843576452), (52.25536800790131, 76.96095530748295), (52.25512161498468, 76.96414964683201), (52.25668449302971, 76.96607733093047), (52.25849382681474, 76.96481062560706), (52.258740241984405, 76.96161606977834))"
103,8921590228fffff,11168.774107142857,202.0,754738.0,"((52.25849382681474, 76.96481062560706), (52.25668449302971, 76.96607733093047), (52.256437961009425, 76.96927170797584), (52.25800074050799, 76.97119959616403), (52.25981011485349, 76.969933057273), (52.260056669141264, 76.96673846374958))"
104,89215902293ffff,17400.98722576044,523.0,4194739.0,"((52.262605045725934, 76.95588723794039), (52.26079582003299, 76.95715440100317), (52.26054952173425, 76.96034913559583), (52.262112426887256, 76.9622769236521), (52.26392169316273, 76.96100992700069), (52.26416801370396, 76.95781497586982))"
105,89215902297ffff,5436.811376885981,972.0,3533984.1399999997,"((52.26392169316273, 76.96100992700069), (52.262112426887256, 76.9622769236521), (52.26186598946262, 76.96547169598895), (52.26342879605782, 76.9673996881992), (52.265238102904654, 76.96613285799657), (52.26548456258624, 76.9629378691231))"
106,8921590229bffff,13109.072916666668,49.0,321621.0,"((52.259232816340074, 76.95522681711456), (52.25742357717292, 76.95649391768158), (52.2571773011147, 76.95968843576452), (52.258740241984405, 76.96161606977834), (52.26054952173425, 76.96034913559583), (52.26079582003299, 76.95715440100317))"
107,892159022a3ffff,1534.4676287219538,4300.0,7369462.0,"((52.261126165206335, 76.97505573069759), (52.25931675031158, 76.97632210311885), (52.259069940063895, 76.97951655540362), (52.26063252241589, 76.98144485173016), (52.26244197784873, 76.98017864581601), (52.262688810392795, 76.97698397705639))"
108,892159022a7ffff,21907.0005160463,563852.0,1317286835.0,"((52.26244197784873, 76.98017864581601), (52.26063252241589, 76.98144485173016), (52.26038557304451, 76.98463934155804), (52.26194805679639, 76.98656784193317), (52.263757552756104, 76.9853018025635), (52.264004524438356, 76.98210709626241))"
109,892159022abffff,38162.18185186707,1544.0,22614099.0,"((52.25775406937734, 76.97439401085464), (52.25594464102944, 76.97566032089725), (52.25569785307623, 76.97885455673566), (52.25726047117775, 76.98078269896601), (52.259069940063895, 76.97951655540362), (52.25931675031158, 76.97632210311885))"
110,892159022afffff,3107.5470085470083,60.0,121693.0,"((52.259069940063895, 76.97951655540362), (52.25726047117775, 76.98078269896601), (52.25701354411528, 76.98397697234914), (52.25857606363135, 76.98590531860282), (52.26038557304451, 76.98463934155804), (52.26063252241589, 76.98144485173016))"
111,892159022b3ffff,18175.366708612066,6455.0,38998853.0,"((52.2631822195006, 76.97059449822918), (52.26137285861893, 76.97186109953051), (52.261126165206335, 76.97505573069759), (52.262688810392795, 76.97698397705639), (52.2644982118236, 76.97571754225169), (52.26474492752009, 76.97252269457968))"
112,892159022b7ffff,6926.6286877576085,2372.0,29959665.0,"((52.2644982118236, 76.97571754225169), (52.262688810392795, 76.97698397705639), (52.26244197784873, 76.98017864581601), (52.264004524438356, 76.98210709626241), (52.265813966407066, 76.98084082799171), (52.266060821249525, 76.97764594272878))"
113,892159022bbffff,26018.913237604425,264.0,3432627.0,"((52.25981011485349, 76.969933057273), (52.25800074050799, 76.97119959616403), (52.25775406937734, 76.97439401085464), (52.25931675031158, 76.97632210311885), (52.261126165206335, 76.97505573069759), (52.26137285861893, 76.97186109953051))"
114,892159022c3ffff,182114.49910012004,2303.0,29726899.0,"((52.25248821006306, 76.9539062500083), (52.250678943979985, 76.95517322559826), (52.250432712396915, 76.95836731074719), (52.251995724661626, 76.9602946367471), (52.25380503132771, 76.95902782748793), (52.25405128514737, 76.95583352588623))"
115,892159022c7ffff,25817.151687782196,16751.0,66496857.99999994,"((52.25380503132771, 76.95902782748793), (52.251995724661626, 76.9602946367471), (52.25174935399606, 76.96348875964497), (52.25331226774679, 76.96541628972304), (52.25512161498468, 76.96414964683201), (52.25536800790131, 76.96095530748295))"
116,892159022cbffff,2739.1185856227653,640.0,1648426.0,"((52.24911583321919, 76.95324610369016), (52.2473065536944, 76.95451301679881), (52.24706034434597, 76.95770688552345), (52.24862339228899, 76.95963405755191), (52.250432712396915, 76.95836731074719), (52.250678943979985, 76.95517322559826))"
117,892159022cfffff,28614.713239037483,459.0,3841106.0,"((52.250432712396915, 76.95836731074719), (52.24862339228899, 76.95963405755191), (52.24837704387252, 76.96282796402706), (52.249939993316175, 76.9647553401084), (52.25174935399606, 76.96348875964497), (52.251995724661626, 76.9602946367471))"
118,892159022d3ffff,32062.28157101051,205.0,2275802.0,"((52.254543536828976, 76.94944478180865), (52.25273432479248, 76.95071198620501), (52.25248821006306, 76.9539062500083), (52.25405128514737, 76.95583352588623), (52.2558605377779, 76.95456648781015), (52.256106674731406, 76.95137200752403))"
119,892159022d7ffff,32286.649980292084,5455.0,18141228.23999998,"((52.2558605377779, 76.95456648781015), (52.25405128514737, 76.95583352588623), (52.25380503132771, 76.95902782748793), (52.25536800790131, 76.96095530748295), (52.2571773011147, 76.95968843576452), (52.25742357717292, 76.95649391768158))"
120,892159022dbffff,12932.601429758191,4051.0,37627509.0,"((52.25117115121536, 76.94878491445783), (52.24936192572646, 76.9500520563412), (52.24911583321919, 76.95324610369016), (52.250678943979985, 76.95517322559826), (52.25248821006306, 76.9539062500083), (52.25273432479248, 76.95071198620501))"
122,8921590230fffff,3687.6530612244896,49.0,180695.0,"((52.260216645830226, 77.00892854164539), (52.25840690707411, 77.01019356117563), (52.258159190001635, 77.01338762597001), (52.25972118929485, 77.01531688760019), (52.26153096851106, 77.01405203475774), (52.26177870797527, 77.01085775358551))"
123,8921590231bffff,6707.247252747253,182.0,1220719.0,"((52.26095919092589, 76.99934566803213), (52.25914954655581, 77.00061108306066), (52.25890208535446, 77.00380528970214), (52.260464246159685, 77.00573429771296), (52.26227393101212, 77.00446904932451), (52.262521414578266, 77.00127462627336))"
125,89215902347ffff,1103.0770809077003,479.0,677837.0,"((52.255530190467375, 77.00314162204708), (52.25372047876098, 77.00440674602483), (52.253472923184106, 77.00760055722662), (52.255035056939604, 77.00952946078995), (52.256844809117446, 77.00826450343575), (52.257092387069626, 77.00507047588287))"
126,89215902353ffff,20257.733654726133,1060.0,7347482.0,"((52.25627225111608, 76.99355950958258), (52.25446263380749, 76.99482502895229), (52.25421533407594, 76.99801898186888), (52.255777629305925, 76.99994763178681), (52.25758728710824, 76.99868227899292), (52.25783460918815, 76.99548810969345))"
127,89215902357ffff,56000.0,2.0,112000.0,"((52.25758728710824, 76.99868227899292), (52.255777629305925, 76.99994763178681), (52.255530190467375, 77.00314162204708), (52.257092387069626, 77.00507047588287), (52.25890208535446, 77.00380528970214), (52.25914954655581, 77.00061108306066))"
128,8921590235bffff,37998.92602884021,302.0,4966425.5,"((52.252900239967644, 76.99289658296595), (52.2510906092378, 76.9941620400789), (52.25084333185264, 76.99735577664104), (52.252405662852226, 76.99928427243287), (52.25421533407594, 76.99801898186888), (52.25446263380749, 76.99482502895229))"
130,89215902383ffff,571747.4545454546,66.0,37735332.0,"((52.26975980347475, 76.99621213486849), (52.26795023995951, 76.99747790331294), (52.26770285082271, 77.00067272193178), (52.26926500284626, 77.00260198859105), (52.27107460685461, 77.00133638683008), (52.27132201834763, 76.99814135171452))"
131,89215902387ffff,228105.9,7.0,1482499.2,"((52.27107460685461, 77.00133638683008), (52.26926500284626, 77.00260198859105), (52.26901747454466, 77.00579684454691), (52.27057952788202, 77.00772631522499), (52.272389172372236, 77.00646088018482), (52.27263672304455, 77.00326580773394))"
132,8921590238bffff,5292.4958732291,656.0,1711686.0,"((52.266387989267635, 76.99554884068624), (52.2645784122878, 76.99681454685486), (52.26433104550527, 77.00000914900544), (52.26589323334962, 77.00193826144384), (52.26770285082271, 77.00067272193178), (52.26795023995951, 76.99747790331294))"
133,8921590238fffff,92009.17156862744,105.0,3975839.0,"((52.26770285082271, 77.00067272193178), (52.26589323334962, 77.00193826144384), (52.26564572741674, 77.00513290093312), (52.267207816589526, 77.00706221736507), (52.26901747454466, 77.00579684454691), (52.26926500284626, 77.00260198859105))"
134,89215902393ffff,109408.0,38.0,2868780.0,"((52.27181658533081, 76.99175113974133), (52.270007075795135, 76.99301713713942), (52.26975980347475, 76.99621213486849), (52.27132201834763, 76.99814135171452), (52.273131568387456, 76.99687552098946), (52.27337886305156, 76.99368030673352))"
135,89215902397ffff,1759724.550973654,296.0,93413858.0,"((52.273131568387456, 76.99687552098946), (52.27132201834763, 76.99814135171452), (52.27107460685461, 77.00133638683008), (52.27263672304455, 77.00326580773394), (52.274446313577315, 77.00200014371927), (52.27469374742851, 76.99880489207854))"
136,892159023a3ffff,28694.31426267654,628.0,4283719.359999999,"((52.27033186040892, 77.0109212084667), (52.26852216198296, 77.01218641455364), (52.26827437772941, 77.01538112856687), (52.269836269505454, 77.01731085294456), (52.27164600839103, 77.01604581362622), (52.27189381504223, 77.01285088314978))"
137,892159023a7ffff,10423.076923076924,13.0,135500.0,"((52.27164600839103, 77.01604581362622), (52.269836269505454, 77.01731085294456), (52.269588346081605, 77.0205056041431), (52.27115013913252, 77.02243553247293), (52.272959918466476, 77.02117065996052), (52.273207864302435, 77.0179756923005))"
138,892159023abffff,32478.48214285714,58.0,324150.0,"((52.26696017149961, 77.0102568941419), (52.265150459619434, 77.01152203803852), (52.264902697761535, 77.01471653561704), (52.26646462538945, 77.01664610572185), (52.26827437772941, 77.01538112856687), (52.26852216198296, 77.01218641455364))"
139,892159023afffff,47555.492424242424,92.0,3714670.0,"((52.26827437772941, 77.01538112856687), (52.26646462538945, 77.01664610572185), (52.26621672437572, 77.01984064048735), (52.267778553293105, 77.02177041451908), (52.269588346081605, 77.0205056041431), (52.269836269505454, 77.01731085294456))"
140,892159023b3ffff,30295.1875,5.0,143361.5,"((52.272389172372236, 77.00646088018482), (52.27057952788202, 77.00772631522499), (52.27033186040892, 77.0109212084667), (52.27189381504223, 77.01285088314978), (52.27370350000314, 77.0115856148678), (52.27395118986138, 77.00839050513272))"
141,892159023c3ffff,9924.332446640441,1181.0,2441316.0,"((52.26170096829462, 76.98976236925304), (52.25989141836565, 76.99102817974287), (52.25964421306466, 76.99422252806221), (52.26120653535613, 76.99615128232135), (52.26301612578972, 76.9948856384238), (52.263263353428535, 76.991691073663))"
142,892159023c7ffff,5757.142857142857,7.0,40300.0,"((52.26301612578972, 76.9948856384238), (52.26120653535613, 76.99615128232135), (52.26095919092589, 76.99934566803213), (52.262521414578266, 77.00127462627336), (52.26433104550527, 77.00000914900544), (52.2645784122878, 76.99681454685486))"
143,892159023cbffff,5479.883165829146,409.0,853832.0,"((52.25832899745295, 76.9890996294796), (52.256519434081206, 76.99036537767624), (52.25627225111608, 76.99355950958258), (52.25783460918815, 76.99548810969345), (52.25964421306466, 76.99422252806221), (52.25989141836565, 76.99102817974287))"
144,892159023cfffff,224877.77777777775,29.0,1510340.0,"((52.25964421306466, 76.99422252806221), (52.25783460918815, 76.99548810969345), (52.25758728710824, 76.99868227899292), (52.25914954655581, 77.00061108306066), (52.26095919092589, 76.99934566803213), (52.26120653535613, 76.99615128232135))"
145,892159023d3ffff,119947.07169874503,3736.0,13788525.0,"((52.263757552756104, 76.9853018025635), (52.26194805679639, 76.98656784193317), (52.26170096829462, 76.98976236925304), (52.263263353428535, 76.991691073663), (52.26507288990392, 76.99042520087521), (52.265320000731016, 76.98723045708374))"
146,892159023d7ffff,216809.5752244823,143.0,1780875.0,"((52.26507288990392, 76.99042520087521), (52.263263353428535, 76.991691073663), (52.26301612578972, 76.9948856384238), (52.2645784122878, 76.99681454685486), (52.266387989267635, 76.99554884068624), (52.26663523924625, 76.99235405945554))"
147,892159023dbffff,4000.511111111111,94.0,537342.0,"((52.26038557304451, 76.98463934155804), (52.25857606363135, 76.98590531860282), (52.25832899745295, 76.9890996294796), (52.25989141836565, 76.99102817974287), (52.26170096829462, 76.98976236925304), (52.26194805679639, 76.98656784193317))"
148,89215902403ffff,122870.5514812454,1116.0,601027961.4,"((52.29105798211674, 76.94199331616495), (52.289249054198365, 76.94326177079725), (52.28900309040188, 76.94645852063015), (52.290566032320896, 76.94838703264855), (52.29237500086515, 76.94711874454681), (52.29262098686582, 76.94392177788424))"
149,89215902407ffff,13151.63006553493,13328.0,1260437554.1,"((52.29237500086515, 76.94711874454681), (52.290566032320896, 76.94838703264855), (52.29031992928065, 76.95158382041434), (52.291882772567256, 76.95351253689464), (52.29369178172621, 76.95224441536091), (52.29393790698515, 76.949047410767))"
150,8921590240bffff,53741.30828269773,1325.0,18778222.0,"((52.287686013664896, 76.94133346325441), (52.285877072164524, 76.94260185523513), (52.285631130570295, 76.9457983882669), (52.287194108275486, 76.94772674610721), (52.28900309040188, 76.94645852063015), (52.289249054198365, 76.94326177079725))"
151,8921590240fffff,614330.2268570127,6507.0,26304189389.0,"((52.28900309040188, 76.94645852063015), (52.287194108275486, 76.94772674610721), (52.28694802745196, 76.95092331707343), (52.2885109065394, 76.95285187935029), (52.29031992928065, 76.95158382041434), (52.290566032320896, 76.94838703264855))"
152,89215902413ffff,19644.60290606803,11662.0,212775693.0,"((52.293112702554495, 76.93752770367615), (52.291303828865885, 76.93879638748487), (52.29105798211674, 76.94199331616495), (52.29262098686582, 76.94392177788424), (52.294429901191364, 76.94265326059549), (52.2946757701322, 76.93945611505566))"
153,89215902417ffff,8860.148017259105,2046.0,10793447.0,"((52.294429901191364, 76.94265326059549), (52.29262098686582, 76.94392177788424), (52.29237500086515, 76.94711874454681), (52.29393790698515, 76.949047410767), (52.29574686193643, 76.94777906003573), (52.29599287014327, 76.94458187651493))"
154,8921590241bffff,36735.71591150396,1746.0,13557646.0,"((52.28974072550564, 76.93686813028017), (52.287931838224324, 76.93813675140555), (52.287686013664896, 76.94133346325441), (52.289249054198365, 76.94326177079725), (52.29105798211674, 76.94199331616495), (52.291303828865885, 76.93879638748487))"
155,89215902423ffff,21890.373870329466,1127.0,17511208.0,"((52.29163653027651, 76.95670936254216), (52.289827466931634, 76.95797725489953), (52.28958110762937, 76.96117390158122), (52.2911437894276, 76.96310287269009), (52.29295289336493, 76.96183514694874), (52.29319927491286, 76.95863828347063))"
156,89215902427ffff,7530.532274776988,1361.0,4656884.0,"((52.29295289336493, 76.96183514694874), (52.2911437894276, 76.96310287269009), (52.29089729087591, 76.96629955715278), (52.29245987400269, 76.9682287326571), (52.29426901852127, 76.96696117356923), (52.2945155393331, 76.96376427231172))"
157,8921590242bffff,29499.574455229893,62322.0,238206676.26998705,"((52.28826468647985, 76.95604848819981), (52.28645560956338, 76.95731631799116), (52.28620927250482, 76.96051274790497), (52.28777199012031, 76.96244156478345), (52.28958110762937, 76.96117390158122), (52.289827466931634, 76.95797725489953))"
158,8921590242fffff,20651.170940348034,3295.0,14274356.629999999,"((52.28958110762937, 76.96117390158122), (52.28777199012031, 76.96244156478345), (52.28752551382679, 76.96563803247984), (52.28908813278546, 76.96756705372846), (52.29089729087591, 76.96629955715278), (52.2911437894276, 76.96310287269009))"
159,89215902433ffff,8934.08105276738,8226.0,263902650.0,"((52.29369178172621, 76.95224441536091), (52.291882772567256, 76.95351253689464), (52.29163653027651, 76.95670936254216), (52.29319927491286, 76.95863828347063), (52.295008324675315, 76.95737032854241), (52.295254589199224, 76.95417328606834))"
160,89215902437ffff,34953.91428571429,59.0,476205.0,"((52.295008324675315, 76.95737032854241), (52.29319927491286, 76.95863828347063), (52.29295289336493, 76.96183514694874), (52.2945155393331, 76.96376427231172), (52.29632462968788, 76.96249648402645), (52.29657103348345, 76.95929940372339))"
161,8921590243bffff,1461974.5904240164,12053.0,3352770729.0,"((52.29031992928065, 76.95158382041434), (52.2885109065394, 76.95285187935029), (52.28826468647985, 76.95604848819981), (52.289827466931634, 76.95797725489953), (52.29163653027651, 76.95670936254216), (52.291882772567256, 76.95351253689464))"
162,89215902443ffff,44018.237138092336,1296.0,30017409.0,"((52.282996623344125, 76.9355492578726), (52.281187708909904, 76.93681775364585), (52.28094192872406, 76.94001403191791), (52.28250504078792, 76.941942031179), (52.28431399585948, 76.94067370184501), (52.28455979823113, 76.93747720679883))"
163,89215902447ffff,9954.018933424517,769.0,6194449.0,"((52.28431399585948, 76.94067370184501), (52.28250504078792, 76.941942031179), (52.282259121393956, 76.94513834743816), (52.28382213487258, 76.94706655112411), (52.285631130570295, 76.9457983882669), (52.285877072164524, 76.94260185523513))"
164,8921590244bffff,30012.71967114989,876.0,16109953.0,"((52.27962449827873, 76.9348899588233), (52.27781557028432, 76.93615839192779), (52.27756981228231, 76.93935445345424), (52.27913296009217, 76.94128229860998), (52.28094192872406, 76.94001403191791), (52.281187708909904, 76.93681775364585))"
165,8921590244fffff,30244.01061585153,7924.0,60623942.11,"((52.28094192872406, 76.94001403191791), (52.27913296009217, 76.94128229860998), (52.278887062896544, 76.9444783981251), (52.280450112135775, 76.94640644768037), (52.282259121393956, 76.94513834743816), (52.28250504078792, 76.941942031179))"
166,89215902457ffff,80055.68269002408,11178.0,361040665.8000001,"((52.286368699094304, 76.93620864835194), (52.28455979823113, 76.93747720679883), (52.28431399585948, 76.94067370184501), (52.285877072164524, 76.94260185523513), (52.287686013664896, 76.94133346325441), (52.287931838224324, 76.93813675140555))"
167,89215902463ffff,10482.903383878285,1610.0,6754500.0,"((52.28357607626379, 76.95026290531929), (52.28176702639049, 76.9515308390742), (52.281520850787444, 76.95472701441332), (52.28308370283172, 76.95665547272664), (52.284892793308956, 76.9553877054965), (52.28513899113926, 76.95219131341645))"
168,89215902467ffff,97277.4376659596,11561.0,71307813.2,"((52.284892793308956, 76.9553877054965), (52.28308370283172, 76.95665547272664), (52.282837388014904, 76.9598516859011), (52.28440014143486, 76.96178034857292), (52.28620927250482, 76.96051274790497), (52.28645560956338, 76.95731631799116))"
169,8921590246bffff,23031.166945668294,2357.0,19067974.0,"((52.28020407573978, 76.94960258513306), (52.2783950123167, 76.95087045630467), (52.278148858938955, 76.95406641493142), (52.27971174676029, 76.95599471908709), (52.281520850787444, 76.95472701441332), (52.28176702639049, 76.9515308390742))"
170,8921590246fffff,32490.3618294213,12506.0,607034268.9,"((52.281520850787444, 76.95472701441332), (52.27971174676029, 76.95599471908709), (52.279465454183246, 76.95919071555072), (52.28102824339488, 76.96111922403956), (52.282837388014904, 76.9598516859011), (52.28308370283172, 76.95665547272664))"
171,89215902473ffff,306730.68385782687,669.0,6552550.0,"((52.285631130570295, 76.9457983882669), (52.28382213487258, 76.94706655112411), (52.28357607626379, 76.95026290531929), (52.28513899113926, 76.95219131341645), (52.28694802745196, 76.95092331707343), (52.287194108275486, 76.94772674610721))"
172,89215902477ffff,75641.232487192,2070.0,454929977.0,"((52.28694802745196, 76.95092331707343), (52.28513899113926, 76.95219131341645), (52.284892793308956, 76.9553877054965), (52.28645560956338, 76.95731631799116), (52.28826468647985, 76.95604848819981), (52.2885109065394, 76.95285187935029))"
173,8921590247bffff,31226.74328504069,6773.0,45193689.53999999,"((52.282259121393956, 76.94513834743816), (52.280450112135775, 76.94640644768037), (52.28020407573978, 76.94960258513306), (52.28176702639049, 76.9515308390742), (52.28357607626379, 76.95026290531929), (52.28382213487258, 76.94706655112411))"
174,89215902483ffff,4636.335384845769,5669.0,14328264.6,"((52.298539187900865, 76.93372106843485), (52.29673038207798, 76.9349900441611), (52.29648463021728, 76.93818736855874), (52.29804766199963, 76.94011593413674), (52.299856508470356, 76.93884712494679), (52.30010228251219, 76.9356495836307))"
175,89215902487ffff,23487.25562116614,2358.0,71460712.0,"((52.299856508470356, 76.93884712494679), (52.29804766199963, 76.94011593413674), (52.297801770865156, 76.94331329656494), (52.299364704007104, 76.94524206670823), (52.3011735911145, 76.9439734240921), (52.30141950444457, 76.94077584474701))"
176,8921590248bffff,15658.032078426435,5028.0,23243524.0,"((52.295167251673135, 76.9330616831621), (52.29335843223604, 76.93433059616838), (52.293112702554495, 76.93752770367615), (52.2946757701322, 76.93945611505566), (52.29648463021728, 76.93818736855874), (52.29673038207798, 76.9349900441611))"
177,8921590248fffff,50862.59815629253,1253.0,28863772.0,"((52.29648463021728, 76.93818736855874), (52.2946757701322, 76.93945611505566), (52.294429901191364, 76.94265326059549), (52.29599287014327, 76.94458187651493), (52.297801770865156, 76.94331329656494), (52.29804766199963, 76.94011593413674))"
178,89215902493ffff,8565.547162210072,830.0,2300731.0,"((52.3005935742001, 76.92925436022217), (52.298784822661155, 76.93052356519894), (52.298539187900865, 76.93372106843485), (52.30010228251219, 76.9356495836307), (52.30191107471003, 76.93438054517965), (52.30215673163893, 76.93118282499519))"
179,89215902497ffff,10839.85172413793,328.0,2175548.0,"((52.30191107471003, 76.93438054517965), (52.30010228251219, 76.9356495836307), (52.299856508470356, 76.93884712494679), (52.30141950444457, 76.94077584474701), (52.30322833729012, 76.93950697285919), (52.30347413351504, 76.93630921459608))"
180,8921590249bffff,62303.45835645221,1478.0,24654410.0,"((52.29722162943065, 76.9285952546211), (52.295412864266794, 76.92986439684614), (52.295167251673135, 76.9330616831621), (52.29673038207798, 76.9349900441611), (52.298539187900865, 76.93372106843485), (52.298784822661155, 76.93052356519894))"
181,892159024a3ffff,14603.584349855677,10950.0,140128574.9,"((52.29911867359214, 76.94843946711582), (52.29730973224465, 76.94970788048144), (52.29706358476506, 76.95290510193202), (52.29862635641168, 76.9548341268903), (52.30043533837359, 76.95356588014654), (52.300681508075776, 76.95036844181077))"
182,892159024a7ffff,44064.53125,13.0,915865.0,"((52.30043533837359, 76.95356588014654), (52.29862635641168, 76.9548341268903), (52.29838006965265, 76.95803138621947), (52.29994274261977, 76.95996061567665), (52.301751765184896, 76.95869253559223), (52.301998074181014, 76.95549505937942))"
183,892159024abffff,39617.744511461526,8623.0,207351166.0,"((52.29574686193643, 76.94777906003573), (52.29393790698515, 76.949047410767), (52.29369178172621, 76.95224441536091), (52.295254589199224, 76.95417328606834), (52.29706358476506, 76.95290510193202), (52.29730973224465, 76.94970788048144))"
184,892159024afffff,43782.7917359888,1644.0,14736702.25,"((52.29706358476506, 76.95290510193202), (52.295254589199224, 76.95417328606834), (52.295008324675315, 76.95737032854241), (52.29657103348345, 76.95929940372339), (52.29838006965265, 76.95803138621947), (52.29862635641168, 76.9548341268903))"
185,892159024b3ffff,15595.982130646282,846.0,19086671.0,"((52.3011735911145, 76.9439734240921), (52.299364704007104, 76.94524206670823), (52.29911867359214, 76.94843946711582), (52.300681508075776, 76.95036844181077), (52.30249043580864, 76.94909996580593), (52.30273648843369, 76.94590234848299))"
186,892159024b7ffff,13855.016025641024,58.0,825854.0,"((52.30249043580864, 76.94909996580593), (52.300681508075776, 76.95036844181077), (52.30043533837359, 76.95356588014654), (52.301998074181014, 76.95549505937942), (52.303807042528156, 76.9542267500234), (52.304053234454905, 76.95102909477383))"
187,892159024bbffff,79588.2601226689,4019.0,268438995.0,"((52.297801770865156, 76.94331329656494), (52.29599287014327, 76.94458187651493), (52.29574686193643, 76.94777906003573), (52.29730973224465, 76.94970788048144), (52.29911867359214, 76.94843946711582), (52.299364704007104, 76.94524206670823))"
188,892159024c7ffff,16361.784280596732,3586.0,41743058.0,"((52.29179526605046, 76.9324023893425), (52.289986433009965, 76.93367123963372), (52.28974072550564, 76.93686813028017), (52.291303828865885, 76.93879638748487), (52.293112702554495, 76.93752770367615), (52.29335843223604, 76.93433059616838))"
189,892159024cfffff,12467.846153846154,13.0,162082.0,"((52.28842323105645, 76.93174318695726), (52.28661438442337, 76.93301197453825), (52.286368699094304, 76.93620864835194), (52.287931838224324, 76.93813675140555), (52.28974072550564, 76.93686813028017), (52.289986433009965, 76.93367123963372))"
190,892159024d7ffff,7345.934058704453,255.0,1917056.0,"((52.293849635257374, 76.92793624043978), (52.292040856479424, 76.92920531991798), (52.29179526605046, 76.9324023893425), (52.29335843223604, 76.93433059616838), (52.295167251673135, 76.9330616831621), (52.295412864266794, 76.92986439684614))"
191,89215902503ffff,8524.639303919446,954.0,15919481.0,"((52.30027211686024, 76.97787640364471), (52.298462904795734, 76.97914369177637), (52.29821596615206, 76.98234070606497), (52.29977821726865, 76.98427064902862), (52.30158746988067, 76.98300352768976), (52.301834430829864, 76.97980629658262))"
192,8921590250bffff,3232.0365805490987,1635.0,4273540.0,"((52.29690055493941, 76.97721395319226), (52.29509132929192, 76.97848117886082), (52.294844412951804, 76.98167797635946), (52.29640669995692, 76.98360776496769), (52.29821596615206, 76.98234070606497), (52.298462904795734, 76.97914369177637))"
193,8921590250fffff,34177.710144927536,28.0,475587.0,"((52.29821596615206, 76.98234070606497), (52.29640669995692, 76.98360776496769), (52.29615964434062, 76.9868046000426), (52.29772183260274, 76.98873459299132), (52.29953113933433, 76.98746770089187), (52.29977821726865, 76.98427064902862))"
194,8921590251bffff,68422.27927206576,1512.0,22117088.0,"((52.298956525804904, 76.97274952164251), (52.297147354299135, 76.9740169765295), (52.29690055493941, 76.97721395319226), (52.298462904795734, 76.97914369177637), (52.30027211686024, 76.97787640364471), (52.300518938511, 76.9746792101618))"
195,89215902523ffff,42358.83560025542,149.0,1087656.0,"((52.30084607446167, 76.99259493760796), (52.29903672720486, 76.99386166286666), (52.29878939301623, 76.99705857294052), (52.30035138373873, 76.99898897452883), (52.302160771509556, 76.99772241614825), (52.30240812804517, 76.99452528928938))"
196,8921590252bffff,58901.50081643436,5573.0,119240315.7,"((52.29747463770361, 76.99193146559129), (52.29566527687421, 76.99319812847256), (52.29541796503058, 76.99639482178988), (52.29697999167266, 76.9983250689706), (52.29878939301623, 76.99705857294052), (52.29903672720486, 76.99386166286666))"
197,8921590252fffff,5388.5068427972255,542.0,1582488.0,"((52.29878939301623, 76.99705857294052), (52.29697999167266, 76.9983250689706), (52.29673254054732, 77.00152179971224), (52.2982944684074, 77.00345225116678), (52.300103910253924, 77.00218592202528), (52.30035138373873, 76.99898897452883))"
198,8921590253bffff,17366.458842705782,425.0,2755810.0,"((52.29953113933433, 76.98746770089187), (52.29772183260274, 76.98873459299132), (52.29747463770361, 76.99193146559129), (52.29903672720486, 76.99386166286666), (52.30084607446167, 76.99259493760796), (52.30109329169331, 76.98939784822129))"
199,89215902543ffff,12956.040379003702,3671.0,32412452.0,"((52.29221323619488, 76.97142545484961), (52.29040403753423, 76.97269278476128), (52.29015728275073, 76.97588932786937), (52.29171970434205, 76.97781875781703), (52.2935289435617, 76.9765515946068), (52.29377572063233, 76.97335483473563))"
200,89215902547ffff,9936.241013071894,40.0,342003.0,"((52.2935289435617, 76.9765515946068), (52.29171970434205, 76.97781875781703), (52.291472810303524, 76.98101533855422), (52.29303513318436, 76.9829449728308), (52.294844412951804, 76.98167797635946), (52.29509132929192, 76.97848117886082))"
201,8921590254bffff,4228.526119258228,10803.0,74822623.0,"((52.2888415172503, 76.97076355915628), (52.287032305028454, 76.9720308265875), (52.28678557253011, 76.97522715296105), (52.288348029969754, 76.97715642862609), (52.29015728275073, 76.97588932786937), (52.29040403753423, 76.97269278476128))"
202,8921590254fffff,5170.583635257636,978.0,1845170.0,"((52.29015728275073, 76.97588932786937), (52.288348029969754, 76.97715642862609), (52.28810115823085, 76.98035279263034), (52.28966351697462, 76.982282272599), (52.291472810303524, 76.98101533855422), (52.29171970434205, 76.97781875781703))"
203,89215902553ffff,76775.52404418225,6285.0,25072429.33,"((52.29426901852127, 76.96696117356923), (52.29245987400269, 76.9682287326571), (52.29221323619488, 76.97142545484961), (52.29377572063233, 76.97335483473563), (52.29558490572096, 76.9720874423387), (52.29583156580338, 76.96889050335298))"
204,89215902557ffff,14267.835307727371,707.0,4802223.0,"((52.29558490572096, 76.9720874423387), (52.29377572063233, 76.97335483473563), (52.2935289435617, 76.9765515946068), (52.29509132929192, 76.97848117886082), (52.29690055493941, 76.97721395319226), (52.297147354299135, 76.9740169765295))"
205,8921590255bffff,16613.417939482253,1339.0,13163640.5,"((52.29089729087591, 76.96629955715278), (52.28908813278546, 76.96756705372846), (52.2888415172503, 76.97076355915628), (52.29040403753423, 76.97269278476128), (52.29221323619488, 76.97142545484961), (52.29245987400269, 76.9682287326571))"
206,89215902563ffff,12768.9375,165.0,358310.0,"((52.29278809988414, 76.9861415911459), (52.2909787660185, 76.98740835844129), (52.29073161577848, 76.99060479755346), (52.29229377707684, 76.99253468608804), (52.294103151468015, 76.99126808557943), (52.2943503240366, 76.98807142973762))"
207,89215902567ffff,923.3252198581561,266.0,249094.0,"((52.294103151468015, 76.99126808557943), (52.29229377707684, 76.99253468608804), (52.29204648757625, 76.99573116267739), (52.29360855012509, 76.99766125547427), (52.29541796503058, 76.99639482178988), (52.29566527687421, 76.99319812847256))"
208,8921590256bffff,10605.599305555555,59.0,597999.0,"((52.2894165059885, 76.9854786741828), (52.287607158572065, 76.98674537908336), (52.28736003065864, 76.9899416014944), (52.288922227836366, 76.99187133569417), (52.29073161577848, 76.99060479755346), (52.2909787660185, 76.98740835844129))"
209,8921590256fffff,50000.0,4.0,200000.0,"((52.29073161577848, 76.99060479755346), (52.288922227836366, 76.99187133569417), (52.28867496067686, 76.99506759558403), (52.290237059119676, 76.99699753402084), (52.29204648757625, 76.99573116267739), (52.29229377707684, 76.99253468608804))"
210,89215902573ffff,10955.637147716228,1378.0,27079835.0,"((52.294844412951804, 76.98167797635946), (52.29303513318436, 76.9829449728308), (52.29278809988414, 76.9861415911459), (52.2943503240366, 76.98807142973762), (52.29615964434062, 76.9868046000426), (52.29640669995692, 76.98360776496769))"
211,89215902577ffff,11702.042857142857,61.0,688694.0,"((52.29615964434062, 76.9868046000426), (52.2943503240366, 76.98807142973762), (52.294103151468015, 76.99126808557943), (52.29566527687421, 76.99319812847256), (52.29747463770361, 76.99193146559129), (52.29772183260274, 76.98873459299132))"
212,8921590257bffff,10209.557255016549,853.0,3186570.0,"((52.291472810303524, 76.98101533855422), (52.28966351697462, 76.982282272599), (52.2894165059885, 76.9854786741828), (52.2909787660185, 76.98740835844129), (52.29278809988414, 76.9861415911459), (52.29303513318436, 76.9829449728308))"
213,89215902583ffff,49665.058131509926,853.0,17160668.589999996,"((52.3077554345929, 76.96960855704856), (52.30594634447006, 76.97087636623328), (52.305699617552, 76.97407395576992), (52.30726195847556, 76.97600395301741), (52.30907108916787, 76.97473631063143), (52.30931783836843, 76.97153850418736))"
215,892159025afffff,424105.4178849902,157.0,66877435.0,"((52.30627398083889, 76.98879417852392), (52.30446470128469, 76.99006119544653), (52.30421746171857, 76.99325850164843), (52.30577947937153, 76.9951890077596), (52.307588799450684, 76.99392215773165), (52.30783606135326, 76.990724634686))"
216,892159025b3ffff,62353.987373737364,24.0,942615.0,"((52.31038650564525, 76.97986430639324), (52.30857733439465, 76.98113178194302), (52.308330328828475, 76.9843294467728), (52.30989247220278, 76.98625985294511), (52.311701684000454, 76.984992544269), (52.31194871187806, 76.98179466253508))"
217,892159025c3ffff,14991.132767619758,293.0,8207049.0,"((52.2996963165746, 76.96315791283321), (52.297887239813214, 76.96442576366725), (52.297640696739265, 76.96762288174811), (52.29920320816394, 76.96955236583503), (52.30101232550629, 76.96828468170835), (52.301258890844295, 76.96508734677556))"
218,892159025c7ffff,75414.90048028683,15527.0,26197486.0,"((52.30101232550629, 76.96828468170835), (52.29920320816394, 76.96955236583503), (52.298956525804904, 76.97274952164251), (52.300518938511, 76.9746792101618), (52.30232809642314, 76.97341169277996), (52.3025748010607, 76.97021432012215))"
219,892159025cbffff,23683.670951451866,11894.0,810478534.0,"((52.29632462968788, 76.96249648402645), (52.2945155393331, 76.96376427231172), (52.29426901852127, 76.96696117356923), (52.29583156580338, 76.96889050335298), (52.297640696739265, 76.96762288174811), (52.297887239813214, 76.96442576366725))"
220,892159025cfffff,4766.753363347925,6249.0,26652054.0,"((52.297640696739265, 76.96762288174811), (52.29583156580338, 76.96889050335298), (52.29558490572096, 76.9720874423387), (52.297147354299135, 76.9740169765295), (52.298956525804904, 76.97274952164251), (52.29920320816394, 76.96955236583503))"
221,892159025d3ffff,16375.0,12.0,196500.0,"((52.301751765184896, 76.95869253559223), (52.29994274261977, 76.95996061567665), (52.2996963165746, 76.96315791283321), (52.301258890844295, 76.96508734677556), (52.303067954001484, 76.96381943338797), (52.30331440229821, 76.96062191934935))"
222,892159025d7ffff,19734.8692,5076.0,25304132.0,"((52.303067954001484, 76.96381943338797), (52.301258890844295, 76.96508734677556), (52.30101232550629, 76.96828468170835), (52.3025748010607, 76.97021432012215), (52.3043839047987, 76.96894657346886), (52.304630492402765, 76.96574902165561))"
223,892159025dbffff,14255.389783827826,997.0,14323916.0,"((52.29838006965265, 76.95803138621947), (52.29657103348345, 76.95929940372339), (52.29632462968788, 76.96249648402645), (52.297887239813214, 76.96442576366725), (52.2996963165746, 76.96315791283321), (52.29994274261977, 76.95996061567665))"
224,89215902603ffff,405775.52062074834,117.0,5334287.0,"((52.26745316735526, 76.93737626665546), (52.26564414459035, 76.93864428282836), (52.2653983361684, 76.94183951565255), (52.26696152832217, 76.94376694892195), (52.26877059171394, 76.94249909909142), (52.26901642232638, 76.93930364963728))"
225,89215902607ffff,14593.147138057198,4416.0,15640609.0,"((52.26877059171394, 76.94249909909142), (52.26696152832217, 76.94376694892195), (52.26671558075777, 76.94696221968991), (52.26827867438146, 76.94888985724388), (52.27008777838891, 76.94762217379315), (52.27033374815827, 76.94442668639678))"
226,8921590260bffff,17383.3449767948,1850.0,10202680.0,"((52.26408085392441, 76.93671705385717), (52.262271817653335, 76.93798500741235), (52.262026031419914, 76.94118002363508), (52.26358925927033, 76.94310730289224), (52.2653983361684, 76.94183951565255), (52.26564414459035, 76.93864428282836))"
227,8921590260fffff,20631.65687139952,1321.0,9589116.0,"((52.2653983361684, 76.94183951565255), (52.26358925927033, 76.94310730289224), (52.26334333390892, 76.94630235706029), (52.26490646324388, 76.9482298405767), (52.26671558075777, 76.94696221968991), (52.26696152832217, 76.94376694892195))"
228,89215902613ffff,52195.346153846156,19.0,1149529.0,"((52.269507827427475, 76.9329126100674), (52.267698858817475, 76.93418085519461), (52.26745316735526, 76.93737626665546), (52.26901642232638, 76.93930364963728), (52.27082543157427, 76.93803557084186), (52.27107114521446, 76.93483994272101))"
229,89215902617ffff,60608.895309106345,1080.0,26557677.9,"((52.27082543157427, 76.93803557084186), (52.26901642232638, 76.93930364963728), (52.26877059171394, 76.94249909909142), (52.27033374815827, 76.94442668639678), (52.2721427980329, 76.9431587739706), (52.27238865083777, 76.93996310785798))"
230,8921590261bffff,16190.701754385966,57.0,922870.0,"((52.26613550533749, 76.93225367654998), (52.264326523210606, 76.93352185902779), (52.26408085392441, 76.93671705385717), (52.26564414459035, 76.93864428282836), (52.26745316735526, 76.93737626665546), (52.267698858817475, 76.93418085519461))"
231,89215902623ffff,9290.222269203052,1115.0,4389803.0,"((52.26803258766789, 76.95208516590453), (52.26622342954938, 76.953352620401), (52.265977225911826, 76.95654775030648), (52.26754015816218, 76.95847564230043), (52.269349356874145, 76.9572083542317), (52.26959558274361, 76.95401300772944))"
232,89215902627ffff,43289.979727134356,723.0,935063.2899999999,"((52.269349356874145, 76.9572083542317), (52.26754015816218, 76.95847564230043), (52.26729381537651, 76.961670809998), (52.268856649057724, 76.96359890621021), (52.270665888351935, 76.96233178460659), (52.27091225338401, 76.95913640031384))"
233,8921590262bffff,6416.202894018543,1681.0,15139120.0,"((52.26466039874776, 76.95142493263899), (52.262851227133496, 76.95269232460319), (52.262605045725934, 76.95588723794039), (52.26416801370396, 76.95781497586982), (52.265977225911826, 76.95654775030648), (52.26622342954938, 76.953352620401))"
234,8921590262fffff,4031.7688837456444,1939.0,5580858.0,"((52.265977225911826, 76.95654775030648), (52.26416801370396, 76.95781497586982), (52.26392169316273, 76.96100992700069), (52.26548456258624, 76.9629378691231), (52.26729381537651, 76.961670809998), (52.26754015816218, 76.95847564230043))"
235,89215902633ffff,6463.56682632907,2813.0,24424854.0,"((52.27008777838891, 76.94762217379315), (52.26827867438146, 76.94888985724388), (52.26803258766789, 76.95208516590453), (52.26959558274361, 76.95401300772944), (52.27140472735555, 76.95274549069589), (52.27165083628856, 76.94954996540838))"
236,89215902637ffff,63483.333333333336,3.0,190450.0,"((52.27140472735555, 76.95274549069589), (52.26959558274361, 76.95401300772944), (52.269349356874145, 76.9572083542317), (52.27091225338401, 76.95913640031384), (52.272721438589244, 76.95786904973488), (52.27296768669261, 76.95467348660736))"
237,8921590263bffff,8105.014730271723,5893.0,121216741.4,"((52.26671558075777, 76.94696221968991), (52.26490646324388, 76.9482298405767), (52.26466039874776, 76.95142493263899), (52.26622342954938, 76.953352620401), (52.26803258766789, 76.95208516590453), (52.26827867438146, 76.94888985724388))"
238,8921590264fffff,1140.8839779005525,181.0,206500.0,"((52.25733607952176, 76.9353989023495), (52.25552701627088, 76.93666673068384), (52.255281274408645, 76.9398613137892), (52.256844573613954, 76.94178828509278), (52.25865367749212, 76.94052062302025), (52.25889944153897, 76.93732582337046))"
239,89215902663ffff,25220.12016648765,125.0,3058712.0,"((52.259971037866, 76.94564258588545), (52.25816189337175, 76.9469100816588), (52.25791587330468, 76.95010474060989), (52.25947897551963, 76.95203212031716), (52.26128816061882, 76.95076479088038), (52.26153420289942, 76.94756991538793))"
240,89215902667ffff,3138.0048429380163,926.0,2759007.0,"((52.26128816061882, 76.95076479088038), (52.25947897551963, 76.95203212031716), (52.259232816340074, 76.95522681711456), (52.26079582003299, 76.95715440100317), (52.262605045725934, 76.95588723794039), (52.262851227133496, 76.95269232460319))"
241,8921590266bffff,4753.283281769564,479.0,2305140.0,"((52.25659869265265, 76.94498290614654), (52.25478953468446, 76.94625033937041), (52.254543536828976, 76.94944478180865), (52.256106674731406, 76.95137200752403), (52.25791587330468, 76.95010474060989), (52.25816189337175, 76.9469100816588))"
242,89215902673ffff,5123.672844974446,605.0,2163196.3400000003,"((52.262026031419914, 76.94118002363508), (52.26021694102638, 76.9424477482888), (52.259971037866, 76.94564258588545), (52.26153420289942, 76.94756991538793), (52.26334333390892, 76.94630235706029), (52.26358925927033, 76.94310730289224))"
243,89215902677ffff,55522.17371680271,1143283.0,6373666100.680491,"((52.26334333390892, 76.94630235706029), (52.26153420289942, 76.94756991538793), (52.26128816061882, 76.95076479088038), (52.262851227133496, 76.95269232460319), (52.26466039874776, 76.95142493263899), (52.26490646324388, 76.9482298405767))"
245,89215902687ffff,12719.788532178007,1092.0,8966276.0,"((52.27625232392173, 76.93423075118524), (52.27444338237795, 76.93549912162578), (52.27419764655784, 76.93869496643518), (52.275760830100914, 76.94062265750927), (52.27756981228231, 76.93935445345424), (52.27781557028432, 76.93615839192779))"
246,8921590268fffff,391008.47222222225,80.0,16383400.0,"((52.27288010029677, 76.93357163493955), (52.27107114521446, 76.93483994272101), (52.27082543157427, 76.93803557084186), (52.27238865083777, 76.93996310785798), (52.27419764655784, 76.93869496643518), (52.27444338237795, 76.93549912162578))"
247,89215902697ffff,137198.0,3.0,516392.0,"((52.27830683008259, 76.92976612821913), (52.27649794273683, 76.93103472769856), (52.27625232392173, 76.93423075118524), (52.27781557028432, 76.93615839192779), (52.27962449827873, 76.9348899588233), (52.2798701392632, 76.93169371858951))"
248,892159026a3ffff,17531.10667676693,560.0,3821647.0,"((52.275514955101634, 76.94381854030887), (52.27370591875499, 76.94508651533556), (52.273459926778706, 76.94828221938884), (52.27502294894151, 76.95021016508903), (52.27683202590355, 76.94894235649588), (52.27707804008869, 76.94574643575714))"
249,892159026a7ffff,16054.081052652286,149568.0,252983112.5400024,"((52.27683202590355, 76.94894235649588), (52.27502294894151, 76.95021016508903), (52.27477681778711, 76.9534059070319), (52.276339741372716, 76.95533405705362), (52.278148858938955, 76.95406641493142), (52.2783950123167, 76.95087045630467))"
250,892159026abffff,4724.985704075104,1013.0,2708623.0,"((52.2721427980329, 76.9431587739706), (52.27033374815827, 76.94442668639678), (52.27008777838891, 76.94762217379315), (52.27165083628856, 76.94954996540838), (52.273459926778706, 76.94828221938884), (52.27370591875499, 76.94508651533556))"
251,892159026afffff,2284.2602258200577,870.0,2004681.32,"((52.273459926778706, 76.94828221938884), (52.27165083628856, 76.94954996540838), (52.27140472735555, 76.95274549069589), (52.27296768669261, 76.95467348660736), (52.27477681778711, 76.9534059070319), (52.27502294894151, 76.95021016508903))"
252,892159026b3ffff,225676.43373709358,6506.0,24884426.360000003,"((52.27756981228231, 76.93935445345424), (52.275760830100914, 76.94062265750927), (52.275514955101634, 76.94381854030887), (52.27707804008869, 76.94574643575714), (52.278887062896544, 76.9444783981251), (52.27913296009217, 76.94128229860998))"
253,892159026b7ffff,110171.48497887889,4738.0,63151075.17999999,"((52.278887062896544, 76.9444783981251), (52.27707804008869, 76.94574643575714), (52.27683202590355, 76.94894235649588), (52.2783950123167, 76.95087045630467), (52.28020407573978, 76.94960258513306), (52.280450112135775, 76.94640644768037))"
254,892159026bbffff,72459.46423728633,899.0,7225346.0,"((52.27419764655784, 76.93869496643518), (52.27238865083777, 76.93996310785798), (52.2721427980329, 76.9431587739706), (52.27370591875499, 76.94508651533556), (52.275514955101634, 76.94381854030887), (52.275760830100914, 76.94062265750927))"
255,89215902cd3ffff,109451.0,6.0,656706.0,"((52.29655954218709, 77.02582863280442), (52.29474985733816, 77.02709394040446), (52.2945016377101, 77.03029024455323), (52.29606308049191, 77.03222145774917), (52.29787280577694, 77.03095631718121), (52.29812104784536, 77.02775979637336))"
256,89215902cdbffff,102433.95698924731,80.0,3913544.0,"((52.29318831571103, 77.02516293132351), (52.29137861733173, 77.02642817675395), (52.291130420142046, 77.02962426427214), (52.29269189889459, 77.03155532297862), (52.2945016377101, 77.03029024455323), (52.29474985733816, 77.02709394040446))"
257,89215902e57ffff,6600.146095717884,397.0,2620258.0,"((52.26678588079516, 77.03454841759971), (52.26497593985082, 77.03581260331782), (52.264727527077454, 77.03900685355289), (52.26628903278573, 77.04093713442727), (52.26809901413403, 77.0396731155835), (52.26834744937141, 77.03647864897923))"
258,89215902e8bffff,122381.69740154828,887.0,38424821.0,"((52.27558702479948, 77.03142107589345), (52.273777164602414, 77.03268561468204), (52.273528823627906, 77.03588047712942), (52.2750903203963, 77.03781101723274), (52.276900221008084, 77.03654664536207), (52.27714858443805, 77.03335156645838))"
259,89215902ecbffff,97321.64508928571,172.0,22172066.0,"((52.26753051311689, 77.02496498642043), (52.26572066644721, 77.02622956787536), (52.26547250953897, 77.02942396046024), (52.26703417686467, 77.03135398797954), (52.26884406396061, 77.0300895733513), (52.26909224330591, 77.02689496436527))"
260,89215902ed3ffff,79313.2993197279,189.0,13851555.0,"((52.272959918466476, 77.02117065996052), (52.27115013913252, 77.02243553247293), (52.270902076531726, 77.02563032080559), (52.27246377083965, 77.02756045307375), (52.27427359061079, 77.02629574740459), (52.27452167563813, 77.02310074261219))"
261,89215902ed7ffff,48375.53734238604,1031.0,49875179.0,"((52.27427359061079, 77.02629574740459), (52.27246377083965, 77.02756045307375), (52.27221556905533, 77.03075527848938), (52.273777164602414, 77.03268561468204), (52.27558702479948, 77.03142107589345), (52.275835249024816, 77.02822603401981))"
262,89215903533ffff,932.4246031746032,65.0,70330.0,"((52.24648136222639, 76.94300441535717), (52.244672163901434, 76.9442716609616), (52.244426232668964, 76.94746545403213), (52.24598947755703, 76.94939221791383), (52.24779871648748, 76.9481251385386), (52.24804466992567, 76.94493112904065))"
263,89215903537ffff,1873.7398647342995,541.0,626123.0,"((52.24779871648748, 76.9481251385386), (52.24598947755703, 76.94939221791383), (52.24574340726993, 76.9525860488369), (52.2473065536944, 76.95451301679881), (52.24911583321919, 76.95324610369016), (52.24936192572646, 76.9500520563412))"
264,892159035a3ffff,9613.238124488124,205.0,1400220.0,"((52.25190882219313, 76.9392020959231), (52.25009969137823, 76.94046963284782), (52.24985385480921, 76.94366382090122), (52.25141712686122, 76.94559068850397), (52.25322629829251, 76.94432331782473), (52.25347215705669, 76.9411289132854))"
265,892159035a7ffff,7377.575620041644,5514.0,19251056.0,"((52.25322629829251, 76.94432331782473), (52.25141712686122, 76.94559068850397), (52.25117115121536, 76.94878491445783), (52.25273432479248, 76.95071198620501), (52.254543536828976, 76.94944478180865), (52.25478953468446, 76.94625033937041))"
266,892159035afffff,58911.50196020124,787.0,14928675.0,"((52.24985385480921, 76.94366382090122), (52.24804466992567, 76.94493112904065), (52.24779871648748, 76.9481251385386), (52.24936192572646, 76.9500520563412), (52.25117115121536, 76.94878491445783), (52.25141712686122, 76.94559068850397))"
267,892159035b7ffff,4011.4794520547944,166.0,352352.0,"((52.255281274408645, 76.9398613137892), (52.25347215705669, 76.9411289132854), (52.25322629829251, 76.94432331782473), (52.25478953468446, 76.94625033937041), (52.25659869265265, 76.94498290614654), (52.256844573613954, 76.94178828509278))"
268,8921591080bffff,1740.8,5.0,8704.0,"((52.32566855581805, 76.91467474787704), (52.32386009013329, 76.91594518453489), (52.323614813365204, 76.91914448855931), (52.325177980154876, 76.92107357312607), (52.32698648654209, 76.91980330308607), (52.327231785438485, 76.91660378184959))"
269,89215910843ffff,606943.6338797815,183.0,111070685.0,"((52.320978597924636, 76.908888364417), (52.31917015923182, 76.91015890472488), (52.318925043953755, 76.91335795324187), (52.32048834525798, 76.915286678624), (52.32229682466456, 76.91401630486942), (52.322541962054466, 76.91081703916753))"
270,8921591086bffff,4859.615384615385,47.0,216200.0,"((52.31818918492256, 76.92295481771777), (52.31638059671028, 76.9242247325688), (52.316135107625605, 76.92742346162926), (52.317698184603124, 76.92935249294997), (52.319506813495906, 76.9280827447111), (52.31975232473196, 76.92488379852749))"
271,89215910873ffff,67112.29946524065,187.0,12550000.0,"((52.323614813365204, 76.91914448855931), (52.321806293256024, 76.92041469572298), (52.321560899243806, 76.9236138208368), (52.32312400320125, 76.92554295595701), (52.32493256400184, 76.92427291542181), (52.325177980154876, 76.92107357312607))"
272,892159108cbffff,20864.71180555555,82.0,376674.0,"((52.325085190706, 76.89994796191364), (52.32327686092798, 76.9012189611884), (52.32303198018937, 76.90441836730807), (52.324595407143335, 76.90634699138624), (52.32640377765722, 76.90507615864348), (52.326648680482585, 76.90187653527866))"
273,89215910a03ffff,1593.7420421669592,927.0,1604743.0,"((52.30543742600919, 76.91072546015566), (52.303628878155784, 76.91199551946724), (52.3033837341163, 76.91519352082041), (52.30494711581497, 76.9171216798905), (52.306755704371604, 76.91585178703524), (52.30700087052763, 76.91265356864169))"
274,89215910a07ffff,1845.7671090047393,472.0,721192.0,"((52.306755704371604, 76.91585178703524), (52.30494711581497, 76.9171216798905), (52.304701832477484, 76.92031971952397), (52.30626511556687, 76.92224808332917), (52.308073744815545, 76.92097835696777), (52.308319050284055, 76.91778010029543))"
275,89215910a0fffff,42500.0,4.0,170000.0,"((52.3033837341163, 76.91519352082041), (52.301575131902666, 76.91646335082865), (52.301329870694246, 76.91966117345186), (52.302893189571684, 76.92158938306524), (52.304701832477484, 76.92031971952397), (52.30494711581497, 76.9171216798905))"
276,89215910a13ffff,92355.68666987673,33630.0,186194775.0,"((52.3074909463309, 76.906256991456), (52.30568245285948, 76.90752728009208), (52.30543742600919, 76.91072546015566), (52.30700087052763, 76.91265356864169), (52.308809404713315, 76.91138344645128), (52.3090544536676, 76.9081850493173))"
277,89215910a17ffff,9725.060931899641,40.0,221376.0,"((52.308809404713315, 76.91138344645128), (52.30700087052763, 76.91265356864169), (52.306755704371604, 76.91585178703524), (52.308319050284055, 76.91778010029543), (52.31012762517285, 76.91651014458824), (52.310372813447366, 76.91331170912576))"
278,89215910a27ffff,51125.85305915389,11305.0,228729485.80999997,"((52.307337315433074, 76.93057284575902), (52.30552859117645, 76.93184217625377), (52.30528291207699, 76.93504011341537), (52.3068459350629, 76.93696893707606), (52.30865469997815, 76.93569977316085), (52.30890040125014, 76.93250161899353))"
279,89215910a2bffff,64637.83713776283,709.0,21528324.0,"((52.30264778907298, 76.92478724391908), (52.300839091839734, 76.92605667816753), (52.3005935742001, 76.92925436022217), (52.30215673163893, 76.93118282499519), (52.30396546954211, 76.92991355726187), (52.30421100933783, 76.92671565822855))"
280,89215910a33ffff,46254.872202910396,289.0,20079727.0,"((52.308073744815545, 76.92097835696777), (52.30626511556687, 76.92224808332917), (52.30601969292463, 76.92544616119176), (52.307582877386814, 76.92737472971845), (52.30939154731636, 76.92610516988846), (52.30963699210412, 76.9229068749885))"
281,89215910a37ffff,84850.00136448181,371.0,27359237.25,"((52.30939154731636, 76.92610516988846), (52.307582877386814, 76.92737472971845), (52.307337315433074, 76.93057284575902), (52.30890040125014, 76.93250161899353), (52.31070911184937, 76.93123222573247), (52.310954695963105, 76.92803389265609))"
282,89215910a3bffff,4165.913934426229,1708.0,7115381.0,"((52.304701832477484, 76.92031971952397), (52.302893189571684, 76.92158938306524), (52.30264778907298, 76.92478724391908), (52.30421100933783, 76.92671565822855), (52.30601969292463, 76.92544616119176), (52.30626511556687, 76.92224808332917))"
283,89215910a63ffff,2112.3914285714286,132.0,167355.0,"((52.297957859489436, 76.9190027187326), (52.29614918930183, 76.92027225664825), (52.29590383308437, 76.92346968357035), (52.29746712491617, 76.92539778951651), (52.29927583578502, 76.92412841805155), (52.29952121414212, 76.92093077417788))"
284,89215910a67ffff,26179.222946157606,1713.0,11023560.0,"((52.29927583578502, 76.92412841805155), (52.29746712491617, 76.92539778951651), (52.29722162943065, 76.9285952546211), (52.298784822661155, 76.93052356519894), (52.3005935742001, 76.92925436022217), (52.300839091839734, 76.92605667816753))"
285,89215910a73ffff,22307.407129290106,555.0,3393804.0,"((52.30001171443057, 76.91453534592497), (52.29820309857075, 76.91580511309105), (52.297957859489436, 76.9190027187326), (52.29952121414212, 76.92093077417788), (52.301329870694246, 76.91966117345186), (52.301575131902666, 76.91646335082865))"
286,89215910a77ffff,3133.6905813588346,253.0,745243.0,"((52.301329870694246, 76.91966117345186), (52.29952121414212, 76.92093077417788), (52.29927583578502, 76.92412841805155), (52.300839091839734, 76.92605667816753), (52.30264778907298, 76.92478724391908), (52.302893189571684, 76.92158938306524))"
287,89215910a83ffff,5760.890243902439,344.0,619091.0,"((52.31291629057151, 76.90244554099164), (52.311107865192916, 76.90371612191574), (52.31086293346061, 76.9069146977706), (52.31242640501478, 76.9088429098186), (52.31423487111855, 76.90757249535642), (52.31447982494428, 76.90437370237241))"
288,89215910a87ffff,609.0909090909091,11.0,6700.0,"((52.31423487111855, 76.90757249535642), (52.31242640501478, 76.9088429098186), (52.31218133395452, 76.91204152405165), (52.31374470689141, 76.91396994093827), (52.315553213709194, 76.91269969297558), (52.31579830687737, 76.90950086161486))"
289,89215910a8bffff,4961.570278742693,356.0,911654.0,"((52.30954429503943, 76.90178811471996), (52.307735855971714, 76.90305863270166), (52.3074909463309, 76.906256991456), (52.3090544536676, 76.9081850493173), (52.31086293346061, 76.9069146977706), (52.311107865192916, 76.90371612191574))"
291,89215910aa3ffff,53829.03274275196,160.0,3336766.0,"((52.31349949649644, 76.91716859349832), (52.31169093528632, 76.9184386120623), (52.31144560768482, 76.9216370858021), (52.31300881915979, 76.9235657580621), (52.31481742106169, 76.92229590604582), (52.315062770798136, 76.91909721520996))"
292,89215910aa7ffff,1949.736900780379,897.0,1748914.0,"((52.31481742106169, 76.92229590604582), (52.31300881915979, 76.9235657580621), (52.31276335222455, 76.92676427002802), (52.314326465043095, 76.9286931470603), (52.316135107625605, 76.92742346162926), (52.31638059671028, 76.9242247325688))"
293,89215910aafffff,2859.4216797442605,69.0,169910.0,"((52.31144560768482, 76.9216370858021), (52.30963699210412, 76.9229068749885), (52.30939154731636, 76.92610516988846), (52.310954695963105, 76.92803389265609), (52.31276335222455, 76.92676427002802), (52.31300881915979, 76.9235657580621))"
295,89215910ab7ffff,10366.984126984127,37.0,380800.0,"((52.31687131831876, 76.9178271337843), (52.315062770798136, 76.91909721520996), (52.31481742106169, 76.92229590604582), (52.31638059671028, 76.9242247325688), (52.31818918492256, 76.92295481771777), (52.318434556795914, 76.91975590975723))"
297,89215910b03ffff,30507.807531380757,245.0,14116732.0,"((52.31466037739501, 76.9466148501559), (52.312851544853835, 76.94788374348494), (52.312605425586746, 76.95108201172536), (52.31416811664418, 76.95301160365452), (52.31597698981028, 76.95174287704452), (52.31622313129531, 76.94854439177445))"
298,89215910b1bffff,605.2568306010929,183.0,110762.0,"((52.31334352691333, 76.94148706593107), (52.3115347350083, 76.94275612594166), (52.31128875507963, 76.94595435620892), (52.312851544853835, 76.94788374348494), (52.31466037739501, 76.9466148501559), (52.31490637952713, 76.94341640285742))"
300,89215910b2bffff,17479.58823529412,17.0,297153.0,"((52.31186655487491, 76.9606765340738), (52.31005757318695, 76.9619448019287), (52.309811080381216, 76.9651427498171), (52.31137354700728, 76.96707264680654), (52.31318256928685, 76.96580454572934), (52.31342908435006, 76.96260638087315))"
301,89215910b2fffff,404870.0,13.0,5263310.0,"((52.31318256928685, 76.96580454572934), (52.31137354700728, 76.96707264680654), (52.31112691486525, 76.9702706324664), (52.312689282732165, 76.97220073400332), (52.314498345592156, 76.97093279974129), (52.31474500000613, 76.9677345971153))"
302,89215910b33ffff,1223305.4375,16.0,19572887.0,"((52.31729336413454, 76.95687114653202), (52.31548445035471, 76.95813970638544), (52.31523805239063, 76.96133805041848), (52.31680054596081, 76.96326805161273), (52.318609500343186, 76.96199965855342), (52.31885592055416, 76.95880109749388))"
303,89215910b43ffff,260943.91820276497,444.0,23637369.0,"((52.30660011665295, 76.94016691231478), (52.3047912974434, 76.94143584690534), (52.30454536191576, 76.94463364319591), (52.30610822339942, 76.94656272185811), (52.30791708324535, 76.94529395389522), (52.30816304097251, 76.94209594063058))"
304,89215910b47ffff,177782.1576412835,483.0,103541523.84,"((52.30791708324535, 76.94529395389522), (52.30610822339942, 76.94656272185811), (52.30586214856231, 76.94976055612496), (52.30742491135843, 76.95168983938954), (52.30923381182955, 76.9504212380918), (52.30947990888067, 76.94722318685247))"
306,89215910b57ffff,24490.06575142315,5321.0,151347366.63999993,"((52.30997184653522, 76.94082694333245), (52.30816304097251, 76.94209594063058), (52.30791708324535, 76.94529395389522), (52.30947990888067, 76.94722318685247), (52.31128875507963, 76.94595435620892), (52.3115347350083, 76.94275612594166))"
307,89215910b5bffff,90972.5,46.0,4184735.0,"((52.30528291207699, 76.93504011341537), (52.30347413351504, 76.93630921459608), (52.30322833729012, 76.93950697285919), (52.3047912974434, 76.94143584690534), (52.30660011665295, 76.94016691231478), (52.3068459350629, 76.93696893707606))"
308,89215910b63ffff,14316.666666666666,4.0,37900.0,"((52.30717869720515, 76.95488771158146), (52.30536974248358, 76.95615608355459), (52.30512341124843, 76.9593537766796), (52.30668601249515, 76.96128331476038), (52.308495007819644, 76.96001510950049), (52.30874136129581, 76.9568171994347))"
309,89215910b6bffff,25211.126086956523,120.0,382159.0,"((52.303807042528156, 76.9542267500234), (52.301998074181014, 76.95549505937942), (52.301751765184896, 76.95869253559223), (52.30331440229821, 76.96062191934935), (52.30512341124843, 76.9593537766796), (52.30536974248358, 76.95615608355459))"
310,89215910b73ffff,10635.809856630824,361.0,4763207.0,"((52.30923381182955, 76.9504212380918), (52.30742491135843, 76.95168983938954), (52.30717869720515, 76.95488771158146), (52.30874136129581, 76.9568171994347), (52.310550302380946, 76.95554876483963), (52.310796538762716, 76.95235067567681))"
311,89215910b77ffff,181850.0,1.0,181850.0,"((52.310550302380946, 76.95554876483963), (52.30874136129581, 76.9568171994347), (52.308495007819644, 76.96001510950049), (52.31005757318695, 76.9619448019287), (52.31186655487491, 76.9606765340738), (52.312112930594054, 76.95747840703868))"
312,89215910b7bffff,277970.0,2.0,555940.0,"((52.30586214856231, 76.94976055612496), (52.304053234454905, 76.95102909477383), (52.303807042528156, 76.9542267500234), (52.30536974248358, 76.95615608355459), (52.30717869720515, 76.95488771158146), (52.30742491135843, 76.95168983938954))"
313,89215910b8fffff,1042.7716535433071,127.0,132432.0,"((52.32008673906263, 76.94280758594678), (52.318277974505385, 76.94407677139678), (52.31803195016784, 76.94727543575507), (52.31959466818147, 76.94920513173989), (52.32140347337459, 76.94793611302532), (52.321649519919504, 76.94473723157863))"
314,89215910bd7ffff,3978.95,40.0,159158.0,"((52.3174525561635, 76.93255126018384), (52.315643872911565, 76.93382077899207), (52.315398127288624, 76.93701936725661), (52.31696104274054, 76.93894865379254), (52.318769766650725, 76.93767930164464), (52.319015534452056, 76.9344804962886))"
315,89215910bdbffff,17731.975443946776,3826.0,20584124.0,"((52.31276335222455, 76.92676427002802), (52.310954695963105, 76.92803389265609), (52.31070911184937, 76.93123222573247), (52.31227216183638, 76.93316115323334), (52.31408085876738, 76.93189169720112), (52.314326465043095, 76.9286931470603))"
316,89215910e23ffff,8108.029845379359,145.0,681084.0,"((52.3203944524847, 76.89416296030355), (52.31858614972153, 76.89543406305684), (52.318341430425654, 76.89863321348386), (52.319904991823876, 76.90056147836367), (52.321713335334195, 76.89929054207785), (52.3219580767004, 76.89609117443287))"
317,8921591102fffff,75000.0,2.0,150000.0,"((52.26698056757676, 76.78646880244732), (52.265172972648344, 76.78774271840955), (52.26493121325208, 76.79093935165004), (52.26649702702074, 76.79286228593192), (52.268304662919945, 76.79158853547057), (52.268546444081004, 76.78839168521456))"
318,8921591106bffff,12404.375,8.0,99235.0,"((52.257584374086605, 76.77493401553211), (52.25577683387952, 76.77620813526688), (52.25553539613882, 76.77940425538881), (52.25710147687453, 76.78132647272474), (52.258909058074785, 76.7800525183622), (52.25915051754743, 76.77685618127964))"
319,8921591106fffff,926.9318181818181,143.0,192130.0,"((52.258909058074785, 76.7800525183622), (52.25710147687453, 76.78132647272474), (52.25685990007138, 76.78452263245882), (52.25842588272339, 76.78644505477794), (52.26023350490574, 76.78517126582528), (52.26047510345529, 76.78197488913173))"
320,8921591120fffff,1905.3828306264504,431.0,821220.0,"((52.24276405531153, 76.76722620697467), (52.24095650173235, 76.76850023776525), (52.24071528989756, 76.771695450663), (52.24228160993352, 76.77361684960565), (52.24408920451741, 76.77234298404302), (52.24433043806192, 76.76914755429792))"
323,892159112a7ffff,3563.9493006993007,37.0,122489.0,"((52.2542106550781, 76.77428612292748), (52.252403101260555, 76.77556017911165), (52.252161685249845, 76.77875608230154), (52.25372780132796, 76.78067814622743), (52.25553539613882, 76.77940425538881), (52.25577683387952, 76.77620813526688))"
324,89215911343ffff,23539.626129306893,565.0,1856699.35,"((52.2460137445421, 76.79216352350764), (52.24420597248271, 76.793436664359), (52.24396408737147, 76.79663185827425), (52.24552995254065, 76.79855412813905), (52.24733776554938, 76.79728115267677), (52.24757967244087, 76.79408574194872))"
325,89215911383ffff,317.5,8.0,2540.0,"((52.26155771455453, 76.79029025785715), (52.25975005140117, 76.79156388136238), (52.25950819645248, 76.79476012016812), (52.26107398288301, 76.7966829524138), (52.262881686996266, 76.79540949439362), (52.26312356372038, 76.79221303863083))"
326,8921591138fffff,3682.440476190476,84.0,309325.0,"((52.25950819645248, 76.79476012016812), (52.25770047872831, 76.7960335147445), (52.25745850648447, 76.79922957608252), (52.25902423017812, 76.8011524597595), (52.26083198885119, 76.79987923067902), (52.26107398288301, 76.7966829524138))"
327,89215911393ffff,7109.142857142857,14.0,99528.0,"((52.26360706074873, 76.78581998914859), (52.261799452187915, 76.78709384160354), (52.26155771455453, 76.79029025785715), (52.26312356372038, 76.79221303863083), (52.26493121325208, 76.79093935165004), (52.265172972648344, 76.78774271840955))"
328,89215911397ffff,1235.2985074626863,67.0,82765.0,"((52.26493121325208, 76.79093935165004), (52.26312356372038, 76.79221303863083), (52.262881686996266, 76.79540949439362), (52.26444743802777, 76.7973324801494), (52.266255128519276, 76.79605895868038), (52.26649702702074, 76.79286228593192))"
329,8921591139bffff,10057.692307692309,26.0,261500.0,"((52.26023350490574, 76.78517126582528), (52.25842588272339, 76.78644505477794), (52.25818416685093, 76.78964125407332), (52.25975005140117, 76.79156388136238), (52.26155771455453, 76.79029025785715), (52.261799452187915, 76.78709384160354))"
331,892159113dbffff,9110.0,10.0,91100.0,"((52.252161685249845, 76.77875608230154), (52.25035407683925, 76.78002990962126), (52.250112543523166, 76.78322563552227), (52.2516785968764, 76.78514775099391), (52.25348624626932, 76.78387408903066), (52.25372780132796, 76.78067814622743))"
332,8921591520bffff,8941.111111111111,45.0,402350.0,"((52.3061034339311, 77.01310630206389), (52.30429392468551, 77.01437235958544), (52.30404603327229, 77.01756941904237), (52.30560762870112, 77.01950063774417), (52.30741717841586, 77.01823474725046), (52.307665092233925, 77.01503747101526))"
333,89215915247ffff,114725.64705882352,17.0,1950336.0,"((52.30273223040646, 77.01244134514127), (52.30092270758769, 77.0137073403933), (52.300674838577365, 77.01690418310046), (52.302236469984216, 77.01883524729352), (52.30404603327229, 77.01756941904237), (52.30429392468551, 77.01437235958544))"
334,8921591524bffff,7717.975712250712,143.0,359847.0,"((52.298046877993706, 77.00664901928148), (52.29623738209325, 77.00791511920517), (52.295989674771, 77.01111170791879), (52.29755144096409, 77.01304241341981), (52.299360977345216, 77.01177648043257), (52.29960870705391, 77.00857967499601))"
335,8921591524fffff,1572.0588235294117,34.0,53450.0,"((52.299360977345216, 77.01177648043257), (52.29755144096409, 77.01304241341981), (52.297303594354666, 77.01623903940575), (52.298865261726775, 77.01816994911383), (52.300674838577365, 77.01690418310046), (52.30092270758769, 77.0137073403933))"
336,89215915253ffff,128376.43452380951,26.0,3082674.0,"((52.30347523045344, 77.00285013644769), (52.3016658021798, 77.0041165279127), (52.30141818939217, 77.00731351278056), (52.30297998250357, 77.00924432295325), (52.304789451268796, 77.00797809844127), (52.305037086432336, 77.00478089679171))"
337,89215915257ffff,12393.46785714286,27.0,224646.0,"((52.304789451268796, 77.00797809844127), (52.30297998250357, 77.00924432295325), (52.30273223040646, 77.01244134514127), (52.30429392468551, 77.01437235958544), (52.3061034339311, 77.01310630206389), (52.30635120841859, 77.00990906309588))"
338,8921591525bffff,1521.9780219780218,92.0,187000.0,"((52.300103910253924, 77.00218592202528), (52.2982944684074, 77.00345225116678), (52.298046877993706, 77.00664901928148), (52.29960870705391, 77.00857967499601), (52.30141818939217, 77.00731351278056), (52.3016658021798, 77.0041165279127))"
339,89215915263ffff,240154.57117478692,341.0,89392484.0,"((52.301988461665616, 77.02203212722006), (52.30017884435682, 77.02329772622215), (52.29993071915313, 77.02649442659899), (52.30149218882973, 77.0284257446797), (52.3033018465855, 77.02716031272627), (52.30354999421903, 77.02396339563164))"
340,89215915273ffff,941.0090203106333,197.0,171626.0,"((52.30404603327229, 77.01756941904237), (52.302236469984216, 77.01883524729352), (52.301988461665616, 77.02203212722006), (52.30354999421903, 77.02396339563164), (52.305359597965165, 77.02269773441874), (52.30560762870112, 77.01950063774417))"
341,8921591527bffff,10830.34188034188,22.0,211050.0,"((52.300674838577365, 77.01690418310046), (52.298865261726775, 77.01816994911383), (52.298617275823545, 77.02136661232085), (52.30017884435682, 77.02329772622215), (52.301988461665616, 77.02203212722006), (52.302236469984216, 77.01883524729352))"
